// bitmap fonts for characters 0-127, one row of bits per pixel row;
// the most significant bit is the leftmost pixel.
// Generated from spleen-16x32.bdf and spleen-32x64.bdf, Spleen 2.2.0
// by Frederic Cambus (https://github.com/fcambus/spleen), under this license:
//
// Copyright (c) 2018-2026, Frederic Cambus
// All rights reserved.
//
// Redistribution and use in source and binary forms, with or without
// modification, are permitted provided that the following conditions are met:
//
//   * Redistributions of source code must retain the above copyright
//     notice, this list of conditions and the following disclaimer.
//
//   * Redistributions in binary form must reproduce the above copyright
//     notice, this list of conditions and the following disclaimer in the
//     documentation and/or other materials provided with the distribution.
//
// THIS SOFTWARE IS PROVIDED BY THE COPYRIGHT HOLDERS AND CONTRIBUTORS "AS IS"
// AND ANY EXPRESS OR IMPLIED WARRANTIES, INCLUDING, BUT NOT LIMITED TO, THE
// IMPLIED WARRANTIES OF MERCHANTABILITY AND FITNESS FOR A PARTICULAR PURPOSE
// ARE DISCLAIMED. IN NO EVENT SHALL THE COPYRIGHT HOLDER OR CONTRIBUTORS
// BE LIABLE FOR ANY DIRECT, INDIRECT, INCIDENTAL, SPECIAL, EXEMPLARY, OR
// CONSEQUENTIAL DAMAGES (INCLUDING, BUT NOT LIMITED TO, PROCUREMENT OF
// SUBSTITUTE GOODS OR SERVICES; LOSS OF USE, DATA, OR PROFITS; OR BUSINESS
// INTERRUPTION) HOWEVER CAUSED AND ON ANY THEORY OF LIABILITY, WHETHER IN
// CONTRACT, STRICT LIABILITY, OR TORT (INCLUDING NEGLIGENCE OR OTHERWISE)
// ARISING IN ANY WAY OUT OF THE USE OF THIS SOFTWARE, EVEN IF ADVISED OF THE
// POSSIBILITY OF SUCH DAMAGE.

static const unsigned short font16x32[128][32] = {
  // 0x00
  {0x0000, 0x0000, 0x0000, 0x0000, 0x0000, 0x0000, 0x0000, 0x0000, 0x0000, 0x0000, 0x0000, 0x0000, 0x0000, 0x0000, 0x0000, 0x0000, 0x0000, 0x0000, 0x0000, 0x0000, 0x0000, 0x0000, 0x0000, 0x0000, 0x0000, 0x0000, 0x0000, 0x0000, 0x0000, 0x0000, 0x0000, 0x0000},
  // 0x01
  {0x0000, 0x0000, 0x0000, 0x0000, 0x0000, 0x0000, 0x0000, 0x0000, 0x0000, 0x0000, 0x0000, 0x0000, 0x0000, 0x0000, 0x0000, 0x0000, 0x0000, 0x0000, 0x0000, 0x0000, 0x0000, 0x0000, 0x0000, 0x0000, 0x0000, 0x0000, 0x0000, 0x0000, 0x0000, 0x0000, 0x0000, 0x0000},
  // 0x02
  {0x0000, 0x0000, 0x0000, 0x0000, 0x0000, 0x0000, 0x0000, 0x0000, 0x0000, 0x0000, 0x0000, 0x0000, 0x0000, 0x0000, 0x0000, 0x0000, 0x0000, 0x0000, 0x0000, 0x0000, 0x0000, 0x0000, 0x0000, 0x0000, 0x0000, 0x0000, 0x0000, 0x0000, 0x0000, 0x0000, 0x0000, 0x0000},
  // 0x03
  {0x0000, 0x0000, 0x0000, 0x0000, 0x0000, 0x0000, 0x0000, 0x0000, 0x0000, 0x0000, 0x0000, 0x0000, 0x0000, 0x0000, 0x0000, 0x0000, 0x0000, 0x0000, 0x0000, 0x0000, 0x0000, 0x0000, 0x0000, 0x0000, 0x0000, 0x0000, 0x0000, 0x0000, 0x0000, 0x0000, 0x0000, 0x0000},
  // 0x04
  {0x0000, 0x0000, 0x0000, 0x0000, 0x0000, 0x0000, 0x0000, 0x0000, 0x0000, 0x0000, 0x0000, 0x0000, 0x0000, 0x0000, 0x0000, 0x0000, 0x0000, 0x0000, 0x0000, 0x0000, 0x0000, 0x0000, 0x0000, 0x0000, 0x0000, 0x0000, 0x0000, 0x0000, 0x0000, 0x0000, 0x0000, 0x0000},
  // 0x05
  {0x0000, 0x0000, 0x0000, 0x0000, 0x0000, 0x0000, 0x0000, 0x0000, 0x0000, 0x0000, 0x0000, 0x0000, 0x0000, 0x0000, 0x0000, 0x0000, 0x0000, 0x0000, 0x0000, 0x0000, 0x0000, 0x0000, 0x0000, 0x0000, 0x0000, 0x0000, 0x0000, 0x0000, 0x0000, 0x0000, 0x0000, 0x0000},
  // 0x06
  {0x0000, 0x0000, 0x0000, 0x0000, 0x0000, 0x0000, 0x0000, 0x0000, 0x0000, 0x0000, 0x0000, 0x0000, 0x0000, 0x0000, 0x0000, 0x0000, 0x0000, 0x0000, 0x0000, 0x0000, 0x0000, 0x0000, 0x0000, 0x0000, 0x0000, 0x0000, 0x0000, 0x0000, 0x0000, 0x0000, 0x0000, 0x0000},
  // 0x07
  {0x0000, 0x0000, 0x0000, 0x0000, 0x0000, 0x0000, 0x0000, 0x0000, 0x0000, 0x0000, 0x0000, 0x0000, 0x0000, 0x0000, 0x0000, 0x0000, 0x0000, 0x0000, 0x0000, 0x0000, 0x0000, 0x0000, 0x0000, 0x0000, 0x0000, 0x0000, 0x0000, 0x0000, 0x0000, 0x0000, 0x0000, 0x0000},
  // 0x08
  {0x0000, 0x0000, 0x0000, 0x0000, 0x0000, 0x0000, 0x0000, 0x0000, 0x0000, 0x0000, 0x0000, 0x0000, 0x0000, 0x0000, 0x0000, 0x0000, 0x0000, 0x0000, 0x0000, 0x0000, 0x0000, 0x0000, 0x0000, 0x0000, 0x0000, 0x0000, 0x0000, 0x0000, 0x0000, 0x0000, 0x0000, 0x0000},
  // 0x09
  {0x0000, 0x0000, 0x0000, 0x0000, 0x0000, 0x0000, 0x0000, 0x0000, 0x0000, 0x0000, 0x0000, 0x0000, 0x0000, 0x0000, 0x0000, 0x0000, 0x0000, 0x0000, 0x0000, 0x0000, 0x0000, 0x0000, 0x0000, 0x0000, 0x0000, 0x0000, 0x0000, 0x0000, 0x0000, 0x0000, 0x0000, 0x0000},
  // 0x0a
  {0x0000, 0x0000, 0x0000, 0x0000, 0x0000, 0x0000, 0x0000, 0x0000, 0x0000, 0x0000, 0x0000, 0x0000, 0x0000, 0x0000, 0x0000, 0x0000, 0x0000, 0x0000, 0x0000, 0x0000, 0x0000, 0x0000, 0x0000, 0x0000, 0x0000, 0x0000, 0x0000, 0x0000, 0x0000, 0x0000, 0x0000, 0x0000},
  // 0x0b
  {0x0000, 0x0000, 0x0000, 0x0000, 0x0000, 0x0000, 0x0000, 0x0000, 0x0000, 0x0000, 0x0000, 0x0000, 0x0000, 0x0000, 0x0000, 0x0000, 0x0000, 0x0000, 0x0000, 0x0000, 0x0000, 0x0000, 0x0000, 0x0000, 0x0000, 0x0000, 0x0000, 0x0000, 0x0000, 0x0000, 0x0000, 0x0000},
  // 0x0c
  {0x0000, 0x0000, 0x0000, 0x0000, 0x0000, 0x0000, 0x0000, 0x0000, 0x0000, 0x0000, 0x0000, 0x0000, 0x0000, 0x0000, 0x0000, 0x0000, 0x0000, 0x0000, 0x0000, 0x0000, 0x0000, 0x0000, 0x0000, 0x0000, 0x0000, 0x0000, 0x0000, 0x0000, 0x0000, 0x0000, 0x0000, 0x0000},
  // 0x0d
  {0x0000, 0x0000, 0x0000, 0x0000, 0x0000, 0x0000, 0x0000, 0x0000, 0x0000, 0x0000, 0x0000, 0x0000, 0x0000, 0x0000, 0x0000, 0x0000, 0x0000, 0x0000, 0x0000, 0x0000, 0x0000, 0x0000, 0x0000, 0x0000, 0x0000, 0x0000, 0x0000, 0x0000, 0x0000, 0x0000, 0x0000, 0x0000},
  // 0x0e
  {0x0000, 0x0000, 0x0000, 0x0000, 0x0000, 0x0000, 0x0000, 0x0000, 0x0000, 0x0000, 0x0000, 0x0000, 0x0000, 0x0000, 0x0000, 0x0000, 0x0000, 0x0000, 0x0000, 0x0000, 0x0000, 0x0000, 0x0000, 0x0000, 0x0000, 0x0000, 0x0000, 0x0000, 0x0000, 0x0000, 0x0000, 0x0000},
  // 0x0f
  {0x0000, 0x0000, 0x0000, 0x0000, 0x0000, 0x0000, 0x0000, 0x0000, 0x0000, 0x0000, 0x0000, 0x0000, 0x0000, 0x0000, 0x0000, 0x0000, 0x0000, 0x0000, 0x0000, 0x0000, 0x0000, 0x0000, 0x0000, 0x0000, 0x0000, 0x0000, 0x0000, 0x0000, 0x0000, 0x0000, 0x0000, 0x0000},
  // 0x10
  {0x0000, 0x0000, 0x0000, 0x0000, 0x0000, 0x0000, 0x0000, 0x0000, 0x0000, 0x0000, 0x0000, 0x0000, 0x0000, 0x0000, 0x0000, 0x0000, 0x0000, 0x0000, 0x0000, 0x0000, 0x0000, 0x0000, 0x0000, 0x0000, 0x0000, 0x0000, 0x0000, 0x0000, 0x0000, 0x0000, 0x0000, 0x0000},
  // 0x11
  {0x0000, 0x0000, 0x0000, 0x0000, 0x0000, 0x0000, 0x0000, 0x0000, 0x0000, 0x0000, 0x0000, 0x0000, 0x0000, 0x0000, 0x0000, 0x0000, 0x0000, 0x0000, 0x0000, 0x0000, 0x0000, 0x0000, 0x0000, 0x0000, 0x0000, 0x0000, 0x0000, 0x0000, 0x0000, 0x0000, 0x0000, 0x0000},
  // 0x12
  {0x0000, 0x0000, 0x0000, 0x0000, 0x0000, 0x0000, 0x0000, 0x0000, 0x0000, 0x0000, 0x0000, 0x0000, 0x0000, 0x0000, 0x0000, 0x0000, 0x0000, 0x0000, 0x0000, 0x0000, 0x0000, 0x0000, 0x0000, 0x0000, 0x0000, 0x0000, 0x0000, 0x0000, 0x0000, 0x0000, 0x0000, 0x0000},
  // 0x13
  {0x0000, 0x0000, 0x0000, 0x0000, 0x0000, 0x0000, 0x0000, 0x0000, 0x0000, 0x0000, 0x0000, 0x0000, 0x0000, 0x0000, 0x0000, 0x0000, 0x0000, 0x0000, 0x0000, 0x0000, 0x0000, 0x0000, 0x0000, 0x0000, 0x0000, 0x0000, 0x0000, 0x0000, 0x0000, 0x0000, 0x0000, 0x0000},
  // 0x14
  {0x0000, 0x0000, 0x0000, 0x0000, 0x0000, 0x0000, 0x0000, 0x0000, 0x0000, 0x0000, 0x0000, 0x0000, 0x0000, 0x0000, 0x0000, 0x0000, 0x0000, 0x0000, 0x0000, 0x0000, 0x0000, 0x0000, 0x0000, 0x0000, 0x0000, 0x0000, 0x0000, 0x0000, 0x0000, 0x0000, 0x0000, 0x0000},
  // 0x15
  {0x0000, 0x0000, 0x0000, 0x0000, 0x0000, 0x0000, 0x0000, 0x0000, 0x0000, 0x0000, 0x0000, 0x0000, 0x0000, 0x0000, 0x0000, 0x0000, 0x0000, 0x0000, 0x0000, 0x0000, 0x0000, 0x0000, 0x0000, 0x0000, 0x0000, 0x0000, 0x0000, 0x0000, 0x0000, 0x0000, 0x0000, 0x0000},
  // 0x16
  {0x0000, 0x0000, 0x0000, 0x0000, 0x0000, 0x0000, 0x0000, 0x0000, 0x0000, 0x0000, 0x0000, 0x0000, 0x0000, 0x0000, 0x0000, 0x0000, 0x0000, 0x0000, 0x0000, 0x0000, 0x0000, 0x0000, 0x0000, 0x0000, 0x0000, 0x0000, 0x0000, 0x0000, 0x0000, 0x0000, 0x0000, 0x0000},
  // 0x17
  {0x0000, 0x0000, 0x0000, 0x0000, 0x0000, 0x0000, 0x0000, 0x0000, 0x0000, 0x0000, 0x0000, 0x0000, 0x0000, 0x0000, 0x0000, 0x0000, 0x0000, 0x0000, 0x0000, 0x0000, 0x0000, 0x0000, 0x0000, 0x0000, 0x0000, 0x0000, 0x0000, 0x0000, 0x0000, 0x0000, 0x0000, 0x0000},
  // 0x18
  {0x0000, 0x0000, 0x0000, 0x0000, 0x0000, 0x0000, 0x0000, 0x0000, 0x0000, 0x0000, 0x0000, 0x0000, 0x0000, 0x0000, 0x0000, 0x0000, 0x0000, 0x0000, 0x0000, 0x0000, 0x0000, 0x0000, 0x0000, 0x0000, 0x0000, 0x0000, 0x0000, 0x0000, 0x0000, 0x0000, 0x0000, 0x0000},
  // 0x19
  {0x0000, 0x0000, 0x0000, 0x0000, 0x0000, 0x0000, 0x0000, 0x0000, 0x0000, 0x0000, 0x0000, 0x0000, 0x0000, 0x0000, 0x0000, 0x0000, 0x0000, 0x0000, 0x0000, 0x0000, 0x0000, 0x0000, 0x0000, 0x0000, 0x0000, 0x0000, 0x0000, 0x0000, 0x0000, 0x0000, 0x0000, 0x0000},
  // 0x1a
  {0x0000, 0x0000, 0x0000, 0x0000, 0x0000, 0x0000, 0x0000, 0x0000, 0x0000, 0x0000, 0x0000, 0x0000, 0x0000, 0x0000, 0x0000, 0x0000, 0x0000, 0x0000, 0x0000, 0x0000, 0x0000, 0x0000, 0x0000, 0x0000, 0x0000, 0x0000, 0x0000, 0x0000, 0x0000, 0x0000, 0x0000, 0x0000},
  // 0x1b
  {0x0000, 0x0000, 0x0000, 0x0000, 0x0000, 0x0000, 0x0000, 0x0000, 0x0000, 0x0000, 0x0000, 0x0000, 0x0000, 0x0000, 0x0000, 0x0000, 0x0000, 0x0000, 0x0000, 0x0000, 0x0000, 0x0000, 0x0000, 0x0000, 0x0000, 0x0000, 0x0000, 0x0000, 0x0000, 0x0000, 0x0000, 0x0000},
  // 0x1c
  {0x0000, 0x0000, 0x0000, 0x0000, 0x0000, 0x0000, 0x0000, 0x0000, 0x0000, 0x0000, 0x0000, 0x0000, 0x0000, 0x0000, 0x0000, 0x0000, 0x0000, 0x0000, 0x0000, 0x0000, 0x0000, 0x0000, 0x0000, 0x0000, 0x0000, 0x0000, 0x0000, 0x0000, 0x0000, 0x0000, 0x0000, 0x0000},
  // 0x1d
  {0x0000, 0x0000, 0x0000, 0x0000, 0x0000, 0x0000, 0x0000, 0x0000, 0x0000, 0x0000, 0x0000, 0x0000, 0x0000, 0x0000, 0x0000, 0x0000, 0x0000, 0x0000, 0x0000, 0x0000, 0x0000, 0x0000, 0x0000, 0x0000, 0x0000, 0x0000, 0x0000, 0x0000, 0x0000, 0x0000, 0x0000, 0x0000},
  // 0x1e
  {0x0000, 0x0000, 0x0000, 0x0000, 0x0000, 0x0000, 0x0000, 0x0000, 0x0000, 0x0000, 0x0000, 0x0000, 0x0000, 0x0000, 0x0000, 0x0000, 0x0000, 0x0000, 0x0000, 0x0000, 0x0000, 0x0000, 0x0000, 0x0000, 0x0000, 0x0000, 0x0000, 0x0000, 0x0000, 0x0000, 0x0000, 0x0000},
  // 0x1f
  {0x0000, 0x0000, 0x0000, 0x0000, 0x0000, 0x0000, 0x0000, 0x0000, 0x0000, 0x0000, 0x0000, 0x0000, 0x0000, 0x0000, 0x0000, 0x0000, 0x0000, 0x0000, 0x0000, 0x0000, 0x0000, 0x0000, 0x0000, 0x0000, 0x0000, 0x0000, 0x0000, 0x0000, 0x0000, 0x0000, 0x0000, 0x0000},
  // ' '
  {0x0000, 0x0000, 0x0000, 0x0000, 0x0000, 0x0000, 0x0000, 0x0000, 0x0000, 0x0000, 0x0000, 0x0000, 0x0000, 0x0000, 0x0000, 0x0000, 0x0000, 0x0000, 0x0000, 0x0000, 0x0000, 0x0000, 0x0000, 0x0000, 0x0000, 0x0000, 0x0000, 0x0000, 0x0000, 0x0000, 0x0000, 0x0000},
  // '!'
  {0x0000, 0x0000, 0x0000, 0x0000, 0x0000, 0x0000, 0x0180, 0x0180, 0x0180, 0x0180, 0x0180, 0x0180, 0x0180, 0x0180, 0x0180, 0x0180, 0x0180, 0x0180, 0x0180, 0x0180, 0x0000, 0x0000, 0x0000, 0x0180, 0x0180, 0x0180, 0x0000, 0x0000, 0x0000, 0x0000, 0x0000, 0x0000},
  // '"'
  {0x0000, 0x0000, 0x0000, 0x0000, 0x1818, 0x1818, 0x1818, 0x1818, 0x1818, 0x1818, 0x1818, 0x1818, 0x0000, 0x0000, 0x0000, 0x0000, 0x0000, 0x0000, 0x0000, 0x0000, 0x0000, 0x0000, 0x0000, 0x0000, 0x0000, 0x0000, 0x0000, 0x0000, 0x0000, 0x0000, 0x0000, 0x0000},
  // '#'
  {0x0000, 0x0000, 0x0000, 0x0000, 0x0000, 0x0000, 0x1818, 0x1818, 0x1818, 0x1818, 0x7ffe, 0x7ffe, 0x1818, 0x1818, 0x1818, 0x1818, 0x1818, 0x1818, 0x1818, 0x1818, 0x7ffe, 0x7ffe, 0x1818, 0x1818, 0x1818, 0x1818, 0x0000, 0x0000, 0x0000, 0x0000, 0x0000, 0x0000},
  // '$'
  {0x0000, 0x0000, 0x0000, 0x0000, 0x0180, 0x0180, 0x0ffc, 0x1ffc, 0x3980, 0x3180, 0x3180, 0x3180, 0x3180, 0x3980, 0x1ff0, 0x0ff8, 0x019c, 0x018c, 0x018c, 0x018c, 0x018c, 0x018c, 0x018c, 0x019c, 0x3ff8, 0x3ff0, 0x0180, 0x0180, 0x0000, 0x0000, 0x0000, 0x0000},
  // '%'
  {0x0000, 0x0000, 0x0000, 0x0000, 0x0000, 0x0000, 0x000c, 0x0e0c, 0x1b18, 0x1b18, 0x1b30, 0x0e30, 0x0060, 0x0060, 0x00c0, 0x00c0, 0x0180, 0x0180, 0x0300, 0x0300, 0x0638, 0x066c, 0x0c6c, 0x0c6c, 0x1838, 0x1800, 0x0000, 0x0000, 0x0000, 0x0000, 0x0000, 0x0000},
  // '&'
  {0x0000, 0x0000, 0x0000, 0x0000, 0x0000, 0x0000, 0x07e0, 0x0ff0, 0x1c38, 0x1818, 0x1818, 0x1818, 0x1818, 0x1c38, 0x0ff0, 0x07e0, 0x1f80, 0x3fc0, 0x70ec, 0x607c, 0x6038, 0x6030, 0x6038, 0x707c, 0x3fee, 0x1fc6, 0x0000, 0x0000, 0x0000, 0x0000, 0x0000, 0x0000},
  // "'"
  {0x0000, 0x0000, 0x0000, 0x0000, 0x0180, 0x0180, 0x0180, 0x0180, 0x0180, 0x0180, 0x0180, 0x0180, 0x0000, 0x0000, 0x0000, 0x0000, 0x0000, 0x0000, 0x0000, 0x0000, 0x0000, 0x0000, 0x0000, 0x0000, 0x0000, 0x0000, 0x0000, 0x0000, 0x0000, 0x0000, 0x0000, 0x0000},
  // '('
  {0x0000, 0x0000, 0x0000, 0x003c, 0x00fc, 0x01e0, 0x0380, 0x0700, 0x0600, 0x0e00, 0x0c00, 0x1c00, 0x1800, 0x1800, 0x1800, 0x1800, 0x1800, 0x1800, 0x1800, 0x1800, 0x1c00, 0x0c00, 0x0e00, 0x0600, 0x0700, 0x0380, 0x01e0, 0x00fc, 0x003c, 0x0000, 0x0000, 0x0000},
  // ')'
  {0x0000, 0x0000, 0x0000, 0x3c00, 0x3f00, 0x0780, 0x01c0, 0x00e0, 0x0060, 0x0070, 0x0030, 0x0038, 0x0018, 0x0018, 0x0018, 0x0018, 0x0018, 0x0018, 0x0018, 0x0018, 0x0038, 0x0030, 0x0070, 0x0060, 0x00e0, 0x01c0, 0x0780, 0x3f00, 0x3c00, 0x0000, 0x0000, 0x0000},
  // '*'
  {0x0000, 0x0000, 0x0000, 0x0000, 0x0000, 0x0000, 0x0000, 0x0000, 0x0000, 0x0000, 0x1818, 0x1c38, 0x0e70, 0x07e0, 0x03c0, 0x03c0, 0x7ffe, 0x7ffe, 0x03c0, 0x03c0, 0x07e0, 0x0e70, 0x1c38, 0x1818, 0x0000, 0x0000, 0x0000, 0x0000, 0x0000, 0x0000, 0x0000, 0x0000},
  // '+'
  {0x0000, 0x0000, 0x0000, 0x0000, 0x0000, 0x0000, 0x0000, 0x0000, 0x0000, 0x0000, 0x0000, 0x0000, 0x0180, 0x0180, 0x0180, 0x0180, 0x1ff8, 0x1ff8, 0x0180, 0x0180, 0x0180, 0x0180, 0x0000, 0x0000, 0x0000, 0x0000, 0x0000, 0x0000, 0x0000, 0x0000, 0x0000, 0x0000},
  // ','
  {0x0000, 0x0000, 0x0000, 0x0000, 0x0000, 0x0000, 0x0000, 0x0000, 0x0000, 0x0000, 0x0000, 0x0000, 0x0000, 0x0000, 0x0000, 0x0000, 0x0000, 0x0000, 0x0000, 0x0000, 0x0000, 0x0000, 0x0180, 0x0180, 0x0180, 0x0380, 0x0700, 0x0600, 0x0000, 0x0000, 0x0000, 0x0000},
  // '-'
  {0x0000, 0x0000, 0x0000, 0x0000, 0x0000, 0x0000, 0x0000, 0x0000, 0x0000, 0x0000, 0x0000, 0x0000, 0x0000, 0x0000, 0x0000, 0x0000, 0x3ffc, 0x3ffc, 0x0000, 0x0000, 0x0000, 0x0000, 0x0000, 0x0000, 0x0000, 0x0000, 0x0000, 0x0000, 0x0000, 0x0000, 0x0000, 0x0000},
  // '.'
  {0x0000, 0x0000, 0x0000, 0x0000, 0x0000, 0x0000, 0x0000, 0x0000, 0x0000, 0x0000, 0x0000, 0x0000, 0x0000, 0x0000, 0x0000, 0x0000, 0x0000, 0x0000, 0x0000, 0x0000, 0x0000, 0x0000, 0x0000, 0x0180, 0x0180, 0x0180, 0x0000, 0x0000, 0x0000, 0x0000, 0x0000, 0x0000},
  // '/'
  {0x0000, 0x0000, 0x0000, 0x0006, 0x0006, 0x000c, 0x000c, 0x0018, 0x0018, 0x0030, 0x0030, 0x0060, 0x0060, 0x00c0, 0x00c0, 0x0180, 0x0180, 0x0300, 0x0300, 0x0600, 0x0600, 0x0c00, 0x0c00, 0x1800, 0x1800, 0x3000, 0x3000, 0x6000, 0x6000, 0x0000, 0x0000, 0x0000},
  // '0'
  {0x0000, 0x0000, 0x0000, 0x0000, 0x0000, 0x0000, 0x0ff0, 0x1ff8, 0x381c, 0x300c, 0x300c, 0x301c, 0x303c, 0x307c, 0x30ec, 0x31cc, 0x338c, 0x370c, 0x3e0c, 0x3c0c, 0x380c, 0x300c, 0x300c, 0x381c, 0x1ff8, 0x0ff0, 0x0000, 0x0000, 0x0000, 0x0000, 0x0000, 0x0000},
  // '1'
  {0x0000, 0x0000, 0x0000, 0x0000, 0x0000, 0x0000, 0x0380, 0x0780, 0x0d80, 0x1980, 0x1180, 0x0180, 0x0180, 0x0180, 0x0180, 0x0180, 0x0180, 0x0180, 0x0180, 0x0180, 0x0180, 0x0180, 0x0180, 0x0180, 0x1ff8, 0x1ff8, 0x0000, 0x0000, 0x0000, 0x0000, 0x0000, 0x0000},
  // '2'
  {0x0000, 0x0000, 0x0000, 0x0000, 0x0000, 0x0000, 0x0ff0, 0x1ff8, 0x381c, 0x300c, 0x000c, 0x000c, 0x000c, 0x0018, 0x0030, 0x0060, 0x00c0, 0x0180, 0x0300, 0x0600, 0x0c00, 0x1800, 0x300c, 0x300c, 0x3ffc, 0x3ffc, 0x0000, 0x0000, 0x0000, 0x0000, 0x0000, 0x0000},
  // '3'
  {0x0000, 0x0000, 0x0000, 0x0000, 0x0000, 0x0000, 0x0ff0, 0x1ff8, 0x381c, 0x300c, 0x000c, 0x000c, 0x000c, 0x0018, 0x07f0, 0x07f0, 0x0018, 0x000c, 0x000c, 0x000c, 0x000c, 0x000c, 0x300c, 0x381c, 0x1ff8, 0x0ff0, 0x0000, 0x0000, 0x0000, 0x0000, 0x0000, 0x0000},
  // '4'
  {0x0000, 0x0000, 0x0000, 0x0000, 0x0000, 0x0000, 0x3000, 0x3000, 0x3000, 0x3000, 0x3030, 0x3030, 0x3030, 0x3030, 0x3030, 0x3030, 0x3030, 0x3030, 0x3ffc, 0x3ffc, 0x0030, 0x0030, 0x0030, 0x0030, 0x0030, 0x0030, 0x0000, 0x0000, 0x0000, 0x0000, 0x0000, 0x0000},
  // '5'
  {0x0000, 0x0000, 0x0000, 0x0000, 0x0000, 0x0000, 0x3ffc, 0x3ffc, 0x300c, 0x300c, 0x3000, 0x3000, 0x3000, 0x3000, 0x3ff0, 0x3ff8, 0x001c, 0x000c, 0x000c, 0x000c, 0x000c, 0x000c, 0x300c, 0x381c, 0x1ff8, 0x0ff0, 0x0000, 0x0000, 0x0000, 0x0000, 0x0000, 0x0000},
  // '6'
  {0x0000, 0x0000, 0x0000, 0x0000, 0x0000, 0x0000, 0x0ff0, 0x1ff8, 0x381c, 0x300c, 0x3000, 0x3000, 0x3000, 0x3000, 0x3ff0, 0x3ff8, 0x301c, 0x300c, 0x300c, 0x300c, 0x300c, 0x300c, 0x300c, 0x381c, 0x1ff8, 0x0ff0, 0x0000, 0x0000, 0x0000, 0x0000, 0x0000, 0x0000},
  // '7'
  {0x0000, 0x0000, 0x0000, 0x0000, 0x0000, 0x0000, 0x3ffc, 0x3ffc, 0x300c, 0x300c, 0x000c, 0x000c, 0x000c, 0x0018, 0x0030, 0x0060, 0x00c0, 0x0180, 0x0300, 0x0300, 0x0300, 0x0300, 0x0300, 0x0300, 0x0300, 0x0300, 0x0000, 0x0000, 0x0000, 0x0000, 0x0000, 0x0000},
  // '8'
  {0x0000, 0x0000, 0x0000, 0x0000, 0x0000, 0x0000, 0x0ff0, 0x1ff8, 0x381c, 0x300c, 0x300c, 0x300c, 0x300c, 0x1818, 0x0ff0, 0x0ff0, 0x1818, 0x300c, 0x300c, 0x300c, 0x300c, 0x300c, 0x300c, 0x381c, 0x1ff8, 0x0ff0, 0x0000, 0x0000, 0x0000, 0x0000, 0x0000, 0x0000},
  // '9'
  {0x0000, 0x0000, 0x0000, 0x0000, 0x0000, 0x0000, 0x0ff0, 0x1ff8, 0x381c, 0x300c, 0x300c, 0x300c, 0x300c, 0x300c, 0x300c, 0x380c, 0x1ffc, 0x0ffc, 0x000c, 0x000c, 0x000c, 0x000c, 0x300c, 0x381c, 0x1ff8, 0x0ff0, 0x0000, 0x0000, 0x0000, 0x0000, 0x0000, 0x0000},
  // ':'
  {0x0000, 0x0000, 0x0000, 0x0000, 0x0000, 0x0000, 0x0000, 0x0000, 0x0000, 0x0000, 0x0000, 0x0000, 0x0000, 0x0180, 0x0180, 0x0180, 0x0000, 0x0000, 0x0000, 0x0000, 0x0000, 0x0000, 0x0000, 0x0180, 0x0180, 0x0180, 0x0000, 0x0000, 0x0000, 0x0000, 0x0000, 0x0000},
  // ';'
  {0x0000, 0x0000, 0x0000, 0x0000, 0x0000, 0x0000, 0x0000, 0x0000, 0x0000, 0x0000, 0x0000, 0x0000, 0x0000, 0x0180, 0x0180, 0x0180, 0x0000, 0x0000, 0x0000, 0x0000, 0x0000, 0x0000, 0x0180, 0x0180, 0x0180, 0x0380, 0x0700, 0x0600, 0x0000, 0x0000, 0x0000, 0x0000},
  // '<'
  {0x0000, 0x0000, 0x0000, 0x0000, 0x0000, 0x0000, 0x001c, 0x0038, 0x0070, 0x00e0, 0x01c0, 0x0380, 0x0700, 0x0e00, 0x1c00, 0x3800, 0x3800, 0x1c00, 0x0e00, 0x0700, 0x0380, 0x01c0, 0x00e0, 0x0070, 0x0038, 0x001c, 0x0000, 0x0000, 0x0000, 0x0000, 0x0000, 0x0000},
  // '='
  {0x0000, 0x0000, 0x0000, 0x0000, 0x0000, 0x0000, 0x0000, 0x0000, 0x0000, 0x0000, 0x0000, 0x0000, 0x3ffc, 0x3ffc, 0x0000, 0x0000, 0x0000, 0x0000, 0x3ffc, 0x3ffc, 0x0000, 0x0000, 0x0000, 0x0000, 0x0000, 0x0000, 0x0000, 0x0000, 0x0000, 0x0000, 0x0000, 0x0000},
  // '>'
  {0x0000, 0x0000, 0x0000, 0x0000, 0x0000, 0x0000, 0x3800, 0x1c00, 0x0e00, 0x0700, 0x0380, 0x01c0, 0x00e0, 0x0070, 0x0038, 0x001c, 0x001c, 0x0038, 0x0070, 0x00e0, 0x01c0, 0x0380, 0x0700, 0x0e00, 0x1c00, 0x3800, 0x0000, 0x0000, 0x0000, 0x0000, 0x0000, 0x0000},
  // '?'
  {0x0000, 0x0000, 0x0000, 0x0000, 0x0000, 0x0000, 0x0ff0, 0x1ff8, 0x381c, 0x300c, 0x000c, 0x000c, 0x0018, 0x0030, 0x0060, 0x00c0, 0x00c0, 0x0180, 0x0180, 0x0180, 0x0000, 0x0000, 0x0000, 0x0180, 0x0180, 0x0180, 0x0000, 0x0000, 0x0000, 0x0000, 0x0000, 0x0000},
  // '@'
  {0x0000, 0x0000, 0x0000, 0x0000, 0x0000, 0x0000, 0x0000, 0x0000, 0x0ff0, 0x1ff8, 0x381c, 0x300c, 0x300c, 0x31cc, 0x31cc, 0x31cc, 0x31cc, 0x31cc, 0x31cc, 0x31fc, 0x31fc, 0x3000, 0x3000, 0x3800, 0x1ff8, 0x0ff8, 0x0000, 0x0000, 0x0000, 0x0000, 0x0000, 0x0000},
  // 'A'
  {0x0000, 0x0000, 0x0000, 0x0000, 0x0000, 0x0000, 0x0ff0, 0x1ff8, 0x381c, 0x300c, 0x300c, 0x300c, 0x300c, 0x300c, 0x300c, 0x3ffc, 0x3ffc, 0x300c, 0x300c, 0x300c, 0x300c, 0x300c, 0x300c, 0x300c, 0x300c, 0x300c, 0x0000, 0x0000, 0x0000, 0x0000, 0x0000, 0x0000},
  // 'B'
  {0x0000, 0x0000, 0x0000, 0x0000, 0x0000, 0x0000, 0x3ff0, 0x3ff8, 0x301c, 0x300c, 0x300c, 0x300c, 0x300c, 0x3018, 0x3ff0, 0x3ff0, 0x3018, 0x300c, 0x300c, 0x300c, 0x300c, 0x300c, 0x300c, 0x301c, 0x3ff8, 0x3ff0, 0x0000, 0x0000, 0x0000, 0x0000, 0x0000, 0x0000},
  // 'C'
  {0x0000, 0x0000, 0x0000, 0x0000, 0x0000, 0x0000, 0x0ffc, 0x1ffc, 0x3800, 0x3000, 0x3000, 0x3000, 0x3000, 0x3000, 0x3000, 0x3000, 0x3000, 0x3000, 0x3000, 0x3000, 0x3000, 0x3000, 0x3000, 0x3800, 0x1ffc, 0x0ffc, 0x0000, 0x0000, 0x0000, 0x0000, 0x0000, 0x0000},
  // 'D'
  {0x0000, 0x0000, 0x0000, 0x0000, 0x0000, 0x0000, 0x3ff0, 0x3ff8, 0x301c, 0x300c, 0x300c, 0x300c, 0x300c, 0x300c, 0x300c, 0x300c, 0x300c, 0x300c, 0x300c, 0x300c, 0x300c, 0x300c, 0x300c, 0x301c, 0x3ff8, 0x3ff0, 0x0000, 0x0000, 0x0000, 0x0000, 0x0000, 0x0000},
  // 'E'
  {0x0000, 0x0000, 0x0000, 0x0000, 0x0000, 0x0000, 0x0ffc, 0x1ffc, 0x3800, 0x3000, 0x3000, 0x3000, 0x3000, 0x3000, 0x3000, 0x3fe0, 0x3fe0, 0x3000, 0x3000, 0x3000, 0x3000, 0x3000, 0x3000, 0x3800, 0x1ffc, 0x0ffc, 0x0000, 0x0000, 0x0000, 0x0000, 0x0000, 0x0000},
  // 'F'
  {0x0000, 0x0000, 0x0000, 0x0000, 0x0000, 0x0000, 0x0ffc, 0x1ffc, 0x3800, 0x3000, 0x3000, 0x3000, 0x3000, 0x3000, 0x3000, 0x3fe0, 0x3fe0, 0x3000, 0x3000, 0x3000, 0x3000, 0x3000, 0x3000, 0x3000, 0x3000, 0x3000, 0x0000, 0x0000, 0x0000, 0x0000, 0x0000, 0x0000},
  // 'G'
  {0x0000, 0x0000, 0x0000, 0x0000, 0x0000, 0x0000, 0x0ffc, 0x1ffc, 0x3800, 0x3000, 0x3000, 0x3000, 0x3000, 0x3000, 0x3000, 0x30fc, 0x30fc, 0x300c, 0x300c, 0x300c, 0x300c, 0x300c, 0x300c, 0x380c, 0x1ffc, 0x0ffc, 0x0000, 0x0000, 0x0000, 0x0000, 0x0000, 0x0000},
  // 'H'
  {0x0000, 0x0000, 0x0000, 0x0000, 0x0000, 0x0000, 0x300c, 0x300c, 0x300c, 0x300c, 0x300c, 0x300c, 0x300c, 0x300c, 0x300c, 0x3ffc, 0x3ffc, 0x300c, 0x300c, 0x300c, 0x300c, 0x300c, 0x300c, 0x300c, 0x300c, 0x300c, 0x0000, 0x0000, 0x0000, 0x0000, 0x0000, 0x0000},
  // 'I'
  {0x0000, 0x0000, 0x0000, 0x0000, 0x0000, 0x0000, 0x1ff8, 0x1ff8, 0x0180, 0x0180, 0x0180, 0x0180, 0x0180, 0x0180, 0x0180, 0x0180, 0x0180, 0x0180, 0x0180, 0x0180, 0x0180, 0x0180, 0x0180, 0x0180, 0x1ff8, 0x1ff8, 0x0000, 0x0000, 0x0000, 0x0000, 0x0000, 0x0000},
  // 'J'
  {0x0000, 0x0000, 0x0000, 0x0000, 0x0000, 0x0000, 0x1ff8, 0x1ff8, 0x0180, 0x0180, 0x0180, 0x0180, 0x0180, 0x0180, 0x0180, 0x0180, 0x0180, 0x0180, 0x0180, 0x0180, 0x0180, 0x0180, 0x0180, 0x0380, 0x7f00, 0x7e00, 0x0000, 0x0000, 0x0000, 0x0000, 0x0000, 0x0000},
  // 'K'
  {0x0000, 0x0000, 0x0000, 0x0000, 0x0000, 0x0000, 0x300c, 0x300c, 0x300c, 0x300c, 0x300c, 0x300c, 0x3018, 0x3030, 0x3060, 0x3fc0, 0x3fc0, 0x3060, 0x3030, 0x3018, 0x300c, 0x300c, 0x300c, 0x300c, 0x300c, 0x300c, 0x0000, 0x0000, 0x0000, 0x0000, 0x0000, 0x0000},
  // 'L'
  {0x0000, 0x0000, 0x0000, 0x0000, 0x0000, 0x0000, 0x3000, 0x3000, 0x3000, 0x3000, 0x3000, 0x3000, 0x3000, 0x3000, 0x3000, 0x3000, 0x3000, 0x3000, 0x3000, 0x3000, 0x3000, 0x3000, 0x3000, 0x3800, 0x1ffc, 0x0ffc, 0x0000, 0x0000, 0x0000, 0x0000, 0x0000, 0x0000},
  // 'M'
  {0x0000, 0x0000, 0x0000, 0x0000, 0x0000, 0x0000, 0x300c, 0x381c, 0x3c3c, 0x3e7c, 0x37ec, 0x33cc, 0x318c, 0x300c, 0x300c, 0x300c, 0x300c, 0x300c, 0x300c, 0x300c, 0x300c, 0x300c, 0x300c, 0x300c, 0x300c, 0x300c, 0x0000, 0x0000, 0x0000, 0x0000, 0x0000, 0x0000},
  // 'N'
  {0x0000, 0x0000, 0x0000, 0x0000, 0x0000, 0x0000, 0x300c, 0x300c, 0x380c, 0x380c, 0x3c0c, 0x3c0c, 0x360c, 0x360c, 0x330c, 0x330c, 0x318c, 0x318c, 0x30cc, 0x30cc, 0x306c, 0x306c, 0x303c, 0x303c, 0x301c, 0x301c, 0x0000, 0x0000, 0x0000, 0x0000, 0x0000, 0x0000},
  // 'O'
  {0x0000, 0x0000, 0x0000, 0x0000, 0x0000, 0x0000, 0x0ff0, 0x1ff8, 0x381c, 0x300c, 0x300c, 0x300c, 0x300c, 0x300c, 0x300c, 0x300c, 0x300c, 0x300c, 0x300c, 0x300c, 0x300c, 0x300c, 0x300c, 0x381c, 0x1ff8, 0x0ff0, 0x0000, 0x0000, 0x0000, 0x0000, 0x0000, 0x0000},
  // 'P'
  {0x0000, 0x0000, 0x0000, 0x0000, 0x0000, 0x0000, 0x3ff0, 0x3ff8, 0x301c, 0x300c, 0x300c, 0x300c, 0x300c, 0x300c, 0x301c, 0x3ff8, 0x3ff0, 0x3000, 0x3000, 0x3000, 0x3000, 0x3000, 0x3000, 0x3000, 0x3000, 0x3000, 0x0000, 0x0000, 0x0000, 0x0000, 0x0000, 0x0000},
  // 'Q'
  {0x0000, 0x0000, 0x0000, 0x0000, 0x0000, 0x0000, 0x0ff0, 0x1ff8, 0x381c, 0x300c, 0x300c, 0x300c, 0x300c, 0x300c, 0x300c, 0x300c, 0x300c, 0x300c, 0x300c, 0x300c, 0x318c, 0x318c, 0x30cc, 0x38dc, 0x1ff8, 0x0ff0, 0x0030, 0x0030, 0x0018, 0x0018, 0x0000, 0x0000},
  // 'R'
  {0x0000, 0x0000, 0x0000, 0x0000, 0x0000, 0x0000, 0x3ff0, 0x3ff8, 0x301c, 0x300c, 0x300c, 0x300c, 0x300c, 0x300c, 0x3018, 0x3ff0, 0x3ff0, 0x3018, 0x300c, 0x300c, 0x300c, 0x300c, 0x300c, 0x300c, 0x300c, 0x300c, 0x0000, 0x0000, 0x0000, 0x0000, 0x0000, 0x0000},
  // 'S'
  {0x0000, 0x0000, 0x0000, 0x0000, 0x0000, 0x0000, 0x0ffc, 0x1ffc, 0x3800, 0x3000, 0x3000, 0x3000, 0x3000, 0x3000, 0x3800, 0x1ff0, 0x0ff8, 0x001c, 0x000c, 0x000c, 0x000c, 0x000c, 0x000c, 0x001c, 0x3ff8, 0x3ff0, 0x0000, 0x0000, 0x0000, 0x0000, 0x0000, 0x0000},
  // 'T'
  {0x0000, 0x0000, 0x0000, 0x0000, 0x0000, 0x0000, 0x7ffe, 0x7ffe, 0x0180, 0x0180, 0x0180, 0x0180, 0x0180, 0x0180, 0x0180, 0x0180, 0x0180, 0x0180, 0x0180, 0x0180, 0x0180, 0x0180, 0x0180, 0x0180, 0x0180, 0x0180, 0x0000, 0x0000, 0x0000, 0x0000, 0x0000, 0x0000},
  // 'U'
  {0x0000, 0x0000, 0x0000, 0x0000, 0x0000, 0x0000, 0x300c, 0x300c, 0x300c, 0x300c, 0x300c, 0x300c, 0x300c, 0x300c, 0x300c, 0x300c, 0x300c, 0x300c, 0x300c, 0x300c, 0x300c, 0x300c, 0x300c, 0x380c, 0x1ffc, 0x0ffc, 0x0000, 0x0000, 0x0000, 0x0000, 0x0000, 0x0000},
  // 'V'
  {0x0000, 0x0000, 0x0000, 0x0000, 0x0000, 0x0000, 0x300c, 0x300c, 0x300c, 0x300c, 0x300c, 0x300c, 0x300c, 0x300c, 0x300c, 0x300c, 0x300c, 0x300c, 0x300c, 0x300c, 0x381c, 0x1c38, 0x0e70, 0x07e0, 0x03c0, 0x0180, 0x0000, 0x0000, 0x0000, 0x0000, 0x0000, 0x0000},
  // 'W'
  {0x0000, 0x0000, 0x0000, 0x0000, 0x0000, 0x0000, 0x300c, 0x300c, 0x300c, 0x300c, 0x300c, 0x300c, 0x300c, 0x300c, 0x300c, 0x300c, 0x300c, 0x300c, 0x300c, 0x318c, 0x33cc, 0x37ec, 0x3e7c, 0x3c3c, 0x381c, 0x300c, 0x0000, 0x0000, 0x0000, 0x0000, 0x0000, 0x0000},
  // 'X'
  {0x0000, 0x0000, 0x0000, 0x0000, 0x0000, 0x0000, 0x300c, 0x300c, 0x300c, 0x300c, 0x300c, 0x300c, 0x381c, 0x1c38, 0x0e70, 0x07e0, 0x07e0, 0x0e70, 0x1c38, 0x381c, 0x300c, 0x300c, 0x300c, 0x300c, 0x300c, 0x300c, 0x0000, 0x0000, 0x0000, 0x0000, 0x0000, 0x0000},
  // 'Y'
  {0x0000, 0x0000, 0x0000, 0x0000, 0x0000, 0x0000, 0x300c, 0x300c, 0x300c, 0x300c, 0x300c, 0x300c, 0x300c, 0x300c, 0x380c, 0x1ffc, 0x0ffc, 0x000c, 0x000c, 0x000c, 0x000c, 0x000c, 0x000c, 0x001c, 0x3ff8, 0x3ff0, 0x0000, 0x0000, 0x0000, 0x0000, 0x0000, 0x0000},
  // 'Z'
  {0x0000, 0x0000, 0x0000, 0x0000, 0x0000, 0x0000, 0x3ffc, 0x3ffc, 0x000c, 0x000c, 0x000c, 0x000c, 0x0018, 0x0030, 0x0060, 0x00c0, 0x0180, 0x0300, 0x0600, 0x0c00, 0x1800, 0x3000, 0x3000, 0x3000, 0x3ffc, 0x3ffc, 0x0000, 0x0000, 0x0000, 0x0000, 0x0000, 0x0000},
  // '['
  {0x0000, 0x0000, 0x0ffc, 0x0ffc, 0x0c00, 0x0c00, 0x0c00, 0x0c00, 0x0c00, 0x0c00, 0x0c00, 0x0c00, 0x0c00, 0x0c00, 0x0c00, 0x0c00, 0x0c00, 0x0c00, 0x0c00, 0x0c00, 0x0c00, 0x0c00, 0x0c00, 0x0c00, 0x0c00, 0x0c00, 0x0c00, 0x0c00, 0x0ffc, 0x0ffc, 0x0000, 0x0000},
  // '\\'
  {0x0000, 0x0000, 0x0000, 0x6000, 0x6000, 0x3000, 0x3000, 0x1800, 0x1800, 0x0c00, 0x0c00, 0x0600, 0x0600, 0x0300, 0x0300, 0x0180, 0x0180, 0x00c0, 0x00c0, 0x0060, 0x0060, 0x0030, 0x0030, 0x0018, 0x0018, 0x000c, 0x000c, 0x0006, 0x0006, 0x0000, 0x0000, 0x0000},
  // ']'
  {0x0000, 0x0000, 0x3ff0, 0x3ff0, 0x0030, 0x0030, 0x0030, 0x0030, 0x0030, 0x0030, 0x0030, 0x0030, 0x0030, 0x0030, 0x0030, 0x0030, 0x0030, 0x0030, 0x0030, 0x0030, 0x0030, 0x0030, 0x0030, 0x0030, 0x0030, 0x0030, 0x0030, 0x0030, 0x3ff0, 0x3ff0, 0x0000, 0x0000},
  // '^'
  {0x0000, 0x0000, 0x0000, 0x0000, 0x0180, 0x03c0, 0x07e0, 0x0e70, 0x1c38, 0x381c, 0x700e, 0x6006, 0x0000, 0x0000, 0x0000, 0x0000, 0x0000, 0x0000, 0x0000, 0x0000, 0x0000, 0x0000, 0x0000, 0x0000, 0x0000, 0x0000, 0x0000, 0x0000, 0x0000, 0x0000, 0x0000, 0x0000},
  // '_'
  {0x0000, 0x0000, 0x0000, 0x0000, 0x0000, 0x0000, 0x0000, 0x0000, 0x0000, 0x0000, 0x0000, 0x0000, 0x0000, 0x0000, 0x0000, 0x0000, 0x0000, 0x0000, 0x0000, 0x0000, 0x0000, 0x0000, 0x0000, 0x0000, 0x0000, 0x0000, 0x0000, 0x0000, 0x7ffe, 0x7ffe, 0x0000, 0x0000},
  // '`'
  {0x0000, 0x0000, 0x0000, 0x0000, 0x0600, 0x0700, 0x0380, 0x01c0, 0x00e0, 0x0060, 0x0000, 0x0000, 0x0000, 0x0000, 0x0000, 0x0000, 0x0000, 0x0000, 0x0000, 0x0000, 0x0000, 0x0000, 0x0000, 0x0000, 0x0000, 0x0000, 0x0000, 0x0000, 0x0000, 0x0000, 0x0000, 0x0000},
  // 'a'
  {0x0000, 0x0000, 0x0000, 0x0000, 0x0000, 0x0000, 0x0000, 0x0000, 0x0000, 0x0000, 0x0000, 0x0000, 0x1ff0, 0x1ff8, 0x001c, 0x000c, 0x000c, 0x0ffc, 0x1ffc, 0x380c, 0x300c, 0x300c, 0x300c, 0x380c, 0x1ffc, 0x0ffc, 0x0000, 0x0000, 0x0000, 0x0000, 0x0000, 0x0000},
  // 'b'
  {0x0000, 0x0000, 0x0000, 0x0000, 0x0000, 0x0000, 0x3000, 0x3000, 0x3000, 0x3000, 0x3000, 0x3000, 0x3ff0, 0x3ff8, 0x301c, 0x300c, 0x300c, 0x300c, 0x300c, 0x300c, 0x300c, 0x300c, 0x300c, 0x301c, 0x3ff8, 0x3ff0, 0x0000, 0x0000, 0x0000, 0x0000, 0x0000, 0x0000},
  // 'c'
  {0x0000, 0x0000, 0x0000, 0x0000, 0x0000, 0x0000, 0x0000, 0x0000, 0x0000, 0x0000, 0x0000, 0x0000, 0x0ffc, 0x1ffc, 0x3800, 0x3000, 0x3000, 0x3000, 0x3000, 0x3000, 0x3000, 0x3000, 0x3000, 0x3800, 0x1ffc, 0x0ffc, 0x0000, 0x0000, 0x0000, 0x0000, 0x0000, 0x0000},
  // 'd'
  {0x0000, 0x0000, 0x0000, 0x0000, 0x0000, 0x0000, 0x000c, 0x000c, 0x000c, 0x000c, 0x000c, 0x000c, 0x0ffc, 0x1ffc, 0x380c, 0x300c, 0x300c, 0x300c, 0x300c, 0x300c, 0x300c, 0x300c, 0x300c, 0x380c, 0x1ffc, 0x0ffc, 0x0000, 0x0000, 0x0000, 0x0000, 0x0000, 0x0000},
  // 'e'
  {0x0000, 0x0000, 0x0000, 0x0000, 0x0000, 0x0000, 0x0000, 0x0000, 0x0000, 0x0000, 0x0000, 0x0000, 0x0ffc, 0x1ffc, 0x380c, 0x300c, 0x300c, 0x300c, 0x3ffc, 0x3ffc, 0x3000, 0x3000, 0x3000, 0x3800, 0x1ffc, 0x0ffc, 0x0000, 0x0000, 0x0000, 0x0000, 0x0000, 0x0000},
  // 'f'
  {0x0000, 0x0000, 0x0000, 0x0000, 0x0000, 0x0000, 0x01f8, 0x03f8, 0x0700, 0x0600, 0x0600, 0x0600, 0x0600, 0x0600, 0x1fe0, 0x1fe0, 0x0600, 0x0600, 0x0600, 0x0600, 0x0600, 0x0600, 0x0600, 0x0600, 0x0600, 0x0600, 0x0000, 0x0000, 0x0000, 0x0000, 0x0000, 0x0000},
  // 'g'
  {0x0000, 0x0000, 0x0000, 0x0000, 0x0000, 0x0000, 0x0000, 0x0000, 0x0000, 0x0000, 0x0000, 0x0000, 0x0ffc, 0x1ffc, 0x380c, 0x300c, 0x300c, 0x300c, 0x300c, 0x300c, 0x300c, 0x300c, 0x300c, 0x381c, 0x1ff8, 0x0ff0, 0x0018, 0x000c, 0x000c, 0x001c, 0x3ff8, 0x3ff0},
  // 'h'
  {0x0000, 0x0000, 0x0000, 0x0000, 0x0000, 0x0000, 0x3000, 0x3000, 0x3000, 0x3000, 0x3000, 0x3000, 0x3ff0, 0x3ff8, 0x301c, 0x300c, 0x300c, 0x300c, 0x300c, 0x300c, 0x300c, 0x300c, 0x300c, 0x300c, 0x300c, 0x300c, 0x0000, 0x0000, 0x0000, 0x0000, 0x0000, 0x0000},
  // 'i'
  {0x0000, 0x0000, 0x0000, 0x0000, 0x0000, 0x0000, 0x0180, 0x0180, 0x0180, 0x0000, 0x0000, 0x0000, 0x0780, 0x0780, 0x0180, 0x0180, 0x0180, 0x0180, 0x0180, 0x0180, 0x0180, 0x0180, 0x0180, 0x0180, 0x01e0, 0x01e0, 0x0000, 0x0000, 0x0000, 0x0000, 0x0000, 0x0000},
  // 'j'
  {0x0000, 0x0000, 0x0000, 0x0000, 0x0000, 0x0000, 0x0180, 0x0180, 0x0180, 0x0000, 0x0000, 0x0000, 0x0180, 0x0180, 0x0180, 0x0180, 0x0180, 0x0180, 0x0180, 0x0180, 0x0180, 0x0180, 0x0180, 0x0180, 0x0180, 0x0180, 0x0180, 0x0180, 0x0180, 0x0380, 0x1f00, 0x1e00},
  // 'k'
  {0x0000, 0x0000, 0x0000, 0x0000, 0x0000, 0x0000, 0x1800, 0x1800, 0x1800, 0x1800, 0x1800, 0x1800, 0x1830, 0x1870, 0x18e0, 0x19c0, 0x1b80, 0x1f00, 0x1f00, 0x1b80, 0x19c0, 0x18e0, 0x1870, 0x1838, 0x181c, 0x180c, 0x0000, 0x0000, 0x0000, 0x0000, 0x0000, 0x0000},
  // 'l'
  {0x0000, 0x0000, 0x0000, 0x0000, 0x0000, 0x0000, 0x0600, 0x0600, 0x0600, 0x0600, 0x0600, 0x0600, 0x0600, 0x0600, 0x0600, 0x0600, 0x0600, 0x0600, 0x0600, 0x0600, 0x0600, 0x0600, 0x0600, 0x0700, 0x03f8, 0x01f8, 0x0000, 0x0000, 0x0000, 0x0000, 0x0000, 0x0000},
  // 'm'
  {0x0000, 0x0000, 0x0000, 0x0000, 0x0000, 0x0000, 0x0000, 0x0000, 0x0000, 0x0000, 0x0000, 0x0000, 0x3e70, 0x3e78, 0x319c, 0x318c, 0x318c, 0x318c, 0x318c, 0x318c, 0x318c, 0x318c, 0x300c, 0x300c, 0x300c, 0x300c, 0x0000, 0x0000, 0x0000, 0x0000, 0x0000, 0x0000},
  // 'n'
  {0x0000, 0x0000, 0x0000, 0x0000, 0x0000, 0x0000, 0x0000, 0x0000, 0x0000, 0x0000, 0x0000, 0x0000, 0x3ff0, 0x3ff8, 0x301c, 0x300c, 0x300c, 0x300c, 0x300c, 0x300c, 0x300c, 0x300c, 0x300c, 0x300c, 0x300c, 0x300c, 0x0000, 0x0000, 0x0000, 0x0000, 0x0000, 0x0000},
  // 'o'
  {0x0000, 0x0000, 0x0000, 0x0000, 0x0000, 0x0000, 0x0000, 0x0000, 0x0000, 0x0000, 0x0000, 0x0000, 0x0ff0, 0x1ff8, 0x381c, 0x300c, 0x300c, 0x300c, 0x300c, 0x300c, 0x300c, 0x300c, 0x300c, 0x381c, 0x1ff8, 0x0ff0, 0x0000, 0x0000, 0x0000, 0x0000, 0x0000, 0x0000},
  // 'p'
  {0x0000, 0x0000, 0x0000, 0x0000, 0x0000, 0x0000, 0x0000, 0x0000, 0x0000, 0x0000, 0x0000, 0x0000, 0x3ff0, 0x3ff8, 0x301c, 0x300c, 0x300c, 0x300c, 0x300c, 0x300c, 0x300c, 0x300c, 0x300c, 0x301c, 0x3ff8, 0x3ff0, 0x3000, 0x3000, 0x3000, 0x3000, 0x3000, 0x3000},
  // 'q'
  {0x0000, 0x0000, 0x0000, 0x0000, 0x0000, 0x0000, 0x0000, 0x0000, 0x0000, 0x0000, 0x0000, 0x0000, 0x0ffc, 0x1ffc, 0x380c, 0x300c, 0x300c, 0x300c, 0x300c, 0x300c, 0x300c, 0x300c, 0x300c, 0x380c, 0x1ffc, 0x0ffc, 0x000c, 0x000c, 0x000c, 0x000c, 0x000c, 0x000c},
  // 'r'
  {0x0000, 0x0000, 0x0000, 0x0000, 0x0000, 0x0000, 0x0000, 0x0000, 0x0000, 0x0000, 0x0000, 0x0000, 0x0ffc, 0x1ffc, 0x380c, 0x300c, 0x3000, 0x3000, 0x3000, 0x3000, 0x3000, 0x3000, 0x3000, 0x3000, 0x3000, 0x3000, 0x0000, 0x0000, 0x0000, 0x0000, 0x0000, 0x0000},
  // 's'
  {0x0000, 0x0000, 0x0000, 0x0000, 0x0000, 0x0000, 0x0000, 0x0000, 0x0000, 0x0000, 0x0000, 0x0000, 0x0ffc, 0x1ffc, 0x3800, 0x3000, 0x3000, 0x3800, 0x1ff0, 0x0ff8, 0x001c, 0x000c, 0x000c, 0x001c, 0x3ff8, 0x3ff0, 0x0000, 0x0000, 0x0000, 0x0000, 0x0000, 0x0000},
  // 't'
  {0x0000, 0x0000, 0x0000, 0x0000, 0x0000, 0x0000, 0x0600, 0x0600, 0x0600, 0x0600, 0x0600, 0x0600, 0x1fe0, 0x1fe0, 0x0600, 0x0600, 0x0600, 0x0600, 0x0600, 0x0600, 0x0600, 0x0600, 0x0600, 0x0700, 0x03f8, 0x01f8, 0x0000, 0x0000, 0x0000, 0x0000, 0x0000, 0x0000},
  // 'u'
  {0x0000, 0x0000, 0x0000, 0x0000, 0x0000, 0x0000, 0x0000, 0x0000, 0x0000, 0x0000, 0x0000, 0x0000, 0x300c, 0x300c, 0x300c, 0x300c, 0x300c, 0x300c, 0x300c, 0x300c, 0x300c, 0x300c, 0x300c, 0x380c, 0x1ffc, 0x0ffc, 0x0000, 0x0000, 0x0000, 0x0000, 0x0000, 0x0000},
  // 'v'
  {0x0000, 0x0000, 0x0000, 0x0000, 0x0000, 0x0000, 0x0000, 0x0000, 0x0000, 0x0000, 0x0000, 0x0000, 0x300c, 0x300c, 0x300c, 0x300c, 0x300c, 0x300c, 0x300c, 0x300c, 0x381c, 0x1c38, 0x0e70, 0x07e0, 0x03c0, 0x0180, 0x0000, 0x0000, 0x0000, 0x0000, 0x0000, 0x0000},
  // 'w'
  {0x0000, 0x0000, 0x0000, 0x0000, 0x0000, 0x0000, 0x0000, 0x0000, 0x0000, 0x0000, 0x0000, 0x0000, 0x300c, 0x300c, 0x300c, 0x300c, 0x318c, 0x318c, 0x318c, 0x318c, 0x318c, 0x318c, 0x318c, 0x398c, 0x1e7c, 0x0e7c, 0x0000, 0x0000, 0x0000, 0x0000, 0x0000, 0x0000},
  // 'x'
  {0x0000, 0x0000, 0x0000, 0x0000, 0x0000, 0x0000, 0x0000, 0x0000, 0x0000, 0x0000, 0x0000, 0x0000, 0x300c, 0x381c, 0x1c38, 0x0e70, 0x07e0, 0x03c0, 0x03c0, 0x07e0, 0x0e70, 0x1c38, 0x1818, 0x381c, 0x300c, 0x300c, 0x0000, 0x0000, 0x0000, 0x0000, 0x0000, 0x0000},
  // 'y'
  {0x0000, 0x0000, 0x0000, 0x0000, 0x0000, 0x0000, 0x0000, 0x0000, 0x0000, 0x0000, 0x0000, 0x0000, 0x300c, 0x300c, 0x300c, 0x300c, 0x300c, 0x300c, 0x300c, 0x300c, 0x300c, 0x300c, 0x300c, 0x380c, 0x1ffc, 0x0ffc, 0x000c, 0x000c, 0x000c, 0x001c, 0x3ff8, 0x3ff0},
  // 'z'
  {0x0000, 0x0000, 0x0000, 0x0000, 0x0000, 0x0000, 0x0000, 0x0000, 0x0000, 0x0000, 0x0000, 0x0000, 0x3ffc, 0x3ffc, 0x000c, 0x0018, 0x0030, 0x0060, 0x00c0, 0x0180, 0x0300, 0x0600, 0x0c00, 0x1800, 0x3ffc, 0x3ffc, 0x0000, 0x0000, 0x0000, 0x0000, 0x0000, 0x0000},
  // '{'
  {0x0000, 0x0000, 0x00fc, 0x01fc, 0x0380, 0x0300, 0x0300, 0x0300, 0x0300, 0x0300, 0x0300, 0x0300, 0x0300, 0x0700, 0x3e00, 0x3c00, 0x3c00, 0x3e00, 0x0700, 0x0300, 0x0300, 0x0300, 0x0300, 0x0300, 0x0300, 0x0300, 0x0300, 0x0380, 0x01fc, 0x00fc, 0x0000, 0x0000},
  // '|'
  {0x0000, 0x0000, 0x0000, 0x0000, 0x0180, 0x0180, 0x0180, 0x0180, 0x0180, 0x0180, 0x0180, 0x0180, 0x0180, 0x0180, 0x0180, 0x0180, 0x0180, 0x0180, 0x0180, 0x0180, 0x0180, 0x0180, 0x0180, 0x0180, 0x0180, 0x0180, 0x0180, 0x0180, 0x0000, 0x0000, 0x0000, 0x0000},
  // '}'
  {0x0000, 0x0000, 0x3f00, 0x3f80, 0x01c0, 0x00c0, 0x00c0, 0x00c0, 0x00c0, 0x00c0, 0x00c0, 0x00c0, 0x00c0, 0x00e0, 0x007c, 0x003c, 0x003c, 0x007c, 0x00e0, 0x00c0, 0x00c0, 0x00c0, 0x00c0, 0x00c0, 0x00c0, 0x00c0, 0x00c0, 0x01c0, 0x3f80, 0x3f00, 0x0000, 0x0000},
  // '~'
  {0x0000, 0x0000, 0x0000, 0x0000, 0x0000, 0x0000, 0x0000, 0x0000, 0x0000, 0x0000, 0x0000, 0x0000, 0x0000, 0x0000, 0x0e0c, 0x1f0c, 0x3b9c, 0x31f8, 0x30f0, 0x0000, 0x0000, 0x0000, 0x0000, 0x0000, 0x0000, 0x0000, 0x0000, 0x0000, 0x0000, 0x0000, 0x0000, 0x0000},
  // 0x7f
  {0x0000, 0x0000, 0x0000, 0x0000, 0x0000, 0x0000, 0x0000, 0x0000, 0x0000, 0x0000, 0x0000, 0x0000, 0x0000, 0x0000, 0x0000, 0x0000, 0x0000, 0x0000, 0x0000, 0x0000, 0x0000, 0x0000, 0x0000, 0x0000, 0x0000, 0x0000, 0x0000, 0x0000, 0x0000, 0x0000, 0x0000, 0x0000},
};

static const unsigned int font32x64[128][64] = {
  // 0x00
  {0x00000000, 0x00000000, 0x00000000, 0x00000000, 0x00000000, 0x00000000, 0x00000000, 0x00000000, 0x00000000, 0x00000000, 0x00000000, 0x00000000, 0x00000000, 0x00000000, 0x00000000, 0x00000000, 0x00000000, 0x00000000, 0x00000000, 0x00000000, 0x00000000, 0x00000000, 0x00000000, 0x00000000, 0x00000000, 0x00000000, 0x00000000, 0x00000000, 0x00000000, 0x00000000, 0x00000000, 0x00000000, 0x00000000, 0x00000000, 0x00000000, 0x00000000, 0x00000000, 0x00000000, 0x00000000, 0x00000000, 0x00000000, 0x00000000, 0x00000000, 0x00000000, 0x00000000, 0x00000000, 0x00000000, 0x00000000, 0x00000000, 0x00000000, 0x00000000, 0x00000000, 0x00000000, 0x00000000, 0x00000000, 0x00000000, 0x00000000, 0x00000000, 0x00000000, 0x00000000, 0x00000000, 0x00000000, 0x00000000, 0x00000000},
  // 0x01
  {0x00000000, 0x00000000, 0x00000000, 0x00000000, 0x00000000, 0x00000000, 0x00000000, 0x00000000, 0x00000000, 0x00000000, 0x00000000, 0x00000000, 0x00000000, 0x00000000, 0x00000000, 0x00000000, 0x00000000, 0x00000000, 0x00000000, 0x00000000, 0x00000000, 0x00000000, 0x00000000, 0x00000000, 0x00000000, 0x00000000, 0x00000000, 0x00000000, 0x00000000, 0x00000000, 0x00000000, 0x00000000, 0x00000000, 0x00000000, 0x00000000, 0x00000000, 0x00000000, 0x00000000, 0x00000000, 0x00000000, 0x00000000, 0x00000000, 0x00000000, 0x00000000, 0x00000000, 0x00000000, 0x00000000, 0x00000000, 0x00000000, 0x00000000, 0x00000000, 0x00000000, 0x00000000, 0x00000000, 0x00000000, 0x00000000, 0x00000000, 0x00000000, 0x00000000, 0x00000000, 0x00000000, 0x00000000, 0x00000000, 0x00000000},
  // 0x02
  {0x00000000, 0x00000000, 0x00000000, 0x00000000, 0x00000000, 0x00000000, 0x00000000, 0x00000000, 0x00000000, 0x00000000, 0x00000000, 0x00000000, 0x00000000, 0x00000000, 0x00000000, 0x00000000, 0x00000000, 0x00000000, 0x00000000, 0x00000000, 0x00000000, 0x00000000, 0x00000000, 0x00000000, 0x00000000, 0x00000000, 0x00000000, 0x00000000, 0x00000000, 0x00000000, 0x00000000, 0x00000000, 0x00000000, 0x00000000, 0x00000000, 0x00000000, 0x00000000, 0x00000000, 0x00000000, 0x00000000, 0x00000000, 0x00000000, 0x00000000, 0x00000000, 0x00000000, 0x00000000, 0x00000000, 0x00000000, 0x00000000, 0x00000000, 0x00000000, 0x00000000, 0x00000000, 0x00000000, 0x00000000, 0x00000000, 0x00000000, 0x00000000, 0x00000000, 0x00000000, 0x00000000, 0x00000000, 0x00000000, 0x00000000},
  // 0x03
  {0x00000000, 0x00000000, 0x00000000, 0x00000000, 0x00000000, 0x00000000, 0x00000000, 0x00000000, 0x00000000, 0x00000000, 0x00000000, 0x00000000, 0x00000000, 0x00000000, 0x00000000, 0x00000000, 0x00000000, 0x00000000, 0x00000000, 0x00000000, 0x00000000, 0x00000000, 0x00000000, 0x00000000, 0x00000000, 0x00000000, 0x00000000, 0x00000000, 0x00000000, 0x00000000, 0x00000000, 0x00000000, 0x00000000, 0x00000000, 0x00000000, 0x00000000, 0x00000000, 0x00000000, 0x00000000, 0x00000000, 0x00000000, 0x00000000, 0x00000000, 0x00000000, 0x00000000, 0x00000000, 0x00000000, 0x00000000, 0x00000000, 0x00000000, 0x00000000, 0x00000000, 0x00000000, 0x00000000, 0x00000000, 0x00000000, 0x00000000, 0x00000000, 0x00000000, 0x00000000, 0x00000000, 0x00000000, 0x00000000, 0x00000000},
  // 0x04
  {0x00000000, 0x00000000, 0x00000000, 0x00000000, 0x00000000, 0x00000000, 0x00000000, 0x00000000, 0x00000000, 0x00000000, 0x00000000, 0x00000000, 0x00000000, 0x00000000, 0x00000000, 0x00000000, 0x00000000, 0x00000000, 0x00000000, 0x00000000, 0x00000000, 0x00000000, 0x00000000, 0x00000000, 0x00000000, 0x00000000, 0x00000000, 0x00000000, 0x00000000, 0x00000000, 0x00000000, 0x00000000, 0x00000000, 0x00000000, 0x00000000, 0x00000000, 0x00000000, 0x00000000, 0x00000000, 0x00000000, 0x00000000, 0x00000000, 0x00000000, 0x00000000, 0x00000000, 0x00000000, 0x00000000, 0x00000000, 0x00000000, 0x00000000, 0x00000000, 0x00000000, 0x00000000, 0x00000000, 0x00000000, 0x00000000, 0x00000000, 0x00000000, 0x00000000, 0x00000000, 0x00000000, 0x00000000, 0x00000000, 0x00000000},
  // 0x05
  {0x00000000, 0x00000000, 0x00000000, 0x00000000, 0x00000000, 0x00000000, 0x00000000, 0x00000000, 0x00000000, 0x00000000, 0x00000000, 0x00000000, 0x00000000, 0x00000000, 0x00000000, 0x00000000, 0x00000000, 0x00000000, 0x00000000, 0x00000000, 0x00000000, 0x00000000, 0x00000000, 0x00000000, 0x00000000, 0x00000000, 0x00000000, 0x00000000, 0x00000000, 0x00000000, 0x00000000, 0x00000000, 0x00000000, 0x00000000, 0x00000000, 0x00000000, 0x00000000, 0x00000000, 0x00000000, 0x00000000, 0x00000000, 0x00000000, 0x00000000, 0x00000000, 0x00000000, 0x00000000, 0x00000000, 0x00000000, 0x00000000, 0x00000000, 0x00000000, 0x00000000, 0x00000000, 0x00000000, 0x00000000, 0x00000000, 0x00000000, 0x00000000, 0x00000000, 0x00000000, 0x00000000, 0x00000000, 0x00000000, 0x00000000},
  // 0x06
  {0x00000000, 0x00000000, 0x00000000, 0x00000000, 0x00000000, 0x00000000, 0x00000000, 0x00000000, 0x00000000, 0x00000000, 0x00000000, 0x00000000, 0x00000000, 0x00000000, 0x00000000, 0x00000000, 0x00000000, 0x00000000, 0x00000000, 0x00000000, 0x00000000, 0x00000000, 0x00000000, 0x00000000, 0x00000000, 0x00000000, 0x00000000, 0x00000000, 0x00000000, 0x00000000, 0x00000000, 0x00000000, 0x00000000, 0x00000000, 0x00000000, 0x00000000, 0x00000000, 0x00000000, 0x00000000, 0x00000000, 0x00000000, 0x00000000, 0x00000000, 0x00000000, 0x00000000, 0x00000000, 0x00000000, 0x00000000, 0x00000000, 0x00000000, 0x00000000, 0x00000000, 0x00000000, 0x00000000, 0x00000000, 0x00000000, 0x00000000, 0x00000000, 0x00000000, 0x00000000, 0x00000000, 0x00000000, 0x00000000, 0x00000000},
  // 0x07
  {0x00000000, 0x00000000, 0x00000000, 0x00000000, 0x00000000, 0x00000000, 0x00000000, 0x00000000, 0x00000000, 0x00000000, 0x00000000, 0x00000000, 0x00000000, 0x00000000, 0x00000000, 0x00000000, 0x00000000, 0x00000000, 0x00000000, 0x00000000, 0x00000000, 0x00000000, 0x00000000, 0x00000000, 0x00000000, 0x00000000, 0x00000000, 0x00000000, 0x00000000, 0x00000000, 0x00000000, 0x00000000, 0x00000000, 0x00000000, 0x00000000, 0x00000000, 0x00000000, 0x00000000, 0x00000000, 0x00000000, 0x00000000, 0x00000000, 0x00000000, 0x00000000, 0x00000000, 0x00000000, 0x00000000, 0x00000000, 0x00000000, 0x00000000, 0x00000000, 0x00000000, 0x00000000, 0x00000000, 0x00000000, 0x00000000, 0x00000000, 0x00000000, 0x00000000, 0x00000000, 0x00000000, 0x00000000, 0x00000000, 0x00000000},
  // 0x08
  {0x00000000, 0x00000000, 0x00000000, 0x00000000, 0x00000000, 0x00000000, 0x00000000, 0x00000000, 0x00000000, 0x00000000, 0x00000000, 0x00000000, 0x00000000, 0x00000000, 0x00000000, 0x00000000, 0x00000000, 0x00000000, 0x00000000, 0x00000000, 0x00000000, 0x00000000, 0x00000000, 0x00000000, 0x00000000, 0x00000000, 0x00000000, 0x00000000, 0x00000000, 0x00000000, 0x00000000, 0x00000000, 0x00000000, 0x00000000, 0x00000000, 0x00000000, 0x00000000, 0x00000000, 0x00000000, 0x00000000, 0x00000000, 0x00000000, 0x00000000, 0x00000000, 0x00000000, 0x00000000, 0x00000000, 0x00000000, 0x00000000, 0x00000000, 0x00000000, 0x00000000, 0x00000000, 0x00000000, 0x00000000, 0x00000000, 0x00000000, 0x00000000, 0x00000000, 0x00000000, 0x00000000, 0x00000000, 0x00000000, 0x00000000},
  // 0x09
  {0x00000000, 0x00000000, 0x00000000, 0x00000000, 0x00000000, 0x00000000, 0x00000000, 0x00000000, 0x00000000, 0x00000000, 0x00000000, 0x00000000, 0x00000000, 0x00000000, 0x00000000, 0x00000000, 0x00000000, 0x00000000, 0x00000000, 0x00000000, 0x00000000, 0x00000000, 0x00000000, 0x00000000, 0x00000000, 0x00000000, 0x00000000, 0x00000000, 0x00000000, 0x00000000, 0x00000000, 0x00000000, 0x00000000, 0x00000000, 0x00000000, 0x00000000, 0x00000000, 0x00000000, 0x00000000, 0x00000000, 0x00000000, 0x00000000, 0x00000000, 0x00000000, 0x00000000, 0x00000000, 0x00000000, 0x00000000, 0x00000000, 0x00000000, 0x00000000, 0x00000000, 0x00000000, 0x00000000, 0x00000000, 0x00000000, 0x00000000, 0x00000000, 0x00000000, 0x00000000, 0x00000000, 0x00000000, 0x00000000, 0x00000000},
  // 0x0a
  {0x00000000, 0x00000000, 0x00000000, 0x00000000, 0x00000000, 0x00000000, 0x00000000, 0x00000000, 0x00000000, 0x00000000, 0x00000000, 0x00000000, 0x00000000, 0x00000000, 0x00000000, 0x00000000, 0x00000000, 0x00000000, 0x00000000, 0x00000000, 0x00000000, 0x00000000, 0x00000000, 0x00000000, 0x00000000, 0x00000000, 0x00000000, 0x00000000, 0x00000000, 0x00000000, 0x00000000, 0x00000000, 0x00000000, 0x00000000, 0x00000000, 0x00000000, 0x00000000, 0x00000000, 0x00000000, 0x00000000, 0x00000000, 0x00000000, 0x00000000, 0x00000000, 0x00000000, 0x00000000, 0x00000000, 0x00000000, 0x00000000, 0x00000000, 0x00000000, 0x00000000, 0x00000000, 0x00000000, 0x00000000, 0x00000000, 0x00000000, 0x00000000, 0x00000000, 0x00000000, 0x00000000, 0x00000000, 0x00000000, 0x00000000},
  // 0x0b
  {0x00000000, 0x00000000, 0x00000000, 0x00000000, 0x00000000, 0x00000000, 0x00000000, 0x00000000, 0x00000000, 0x00000000, 0x00000000, 0x00000000, 0x00000000, 0x00000000, 0x00000000, 0x00000000, 0x00000000, 0x00000000, 0x00000000, 0x00000000, 0x00000000, 0x00000000, 0x00000000, 0x00000000, 0x00000000, 0x00000000, 0x00000000, 0x00000000, 0x00000000, 0x00000000, 0x00000000, 0x00000000, 0x00000000, 0x00000000, 0x00000000, 0x00000000, 0x00000000, 0x00000000, 0x00000000, 0x00000000, 0x00000000, 0x00000000, 0x00000000, 0x00000000, 0x00000000, 0x00000000, 0x00000000, 0x00000000, 0x00000000, 0x00000000, 0x00000000, 0x00000000, 0x00000000, 0x00000000, 0x00000000, 0x00000000, 0x00000000, 0x00000000, 0x00000000, 0x00000000, 0x00000000, 0x00000000, 0x00000000, 0x00000000},
  // 0x0c
  {0x00000000, 0x00000000, 0x00000000, 0x00000000, 0x00000000, 0x00000000, 0x00000000, 0x00000000, 0x00000000, 0x00000000, 0x00000000, 0x00000000, 0x00000000, 0x00000000, 0x00000000, 0x00000000, 0x00000000, 0x00000000, 0x00000000, 0x00000000, 0x00000000, 0x00000000, 0x00000000, 0x00000000, 0x00000000, 0x00000000, 0x00000000, 0x00000000, 0x00000000, 0x00000000, 0x00000000, 0x00000000, 0x00000000, 0x00000000, 0x00000000, 0x00000000, 0x00000000, 0x00000000, 0x00000000, 0x00000000, 0x00000000, 0x00000000, 0x00000000, 0x00000000, 0x00000000, 0x00000000, 0x00000000, 0x00000000, 0x00000000, 0x00000000, 0x00000000, 0x00000000, 0x00000000, 0x00000000, 0x00000000, 0x00000000, 0x00000000, 0x00000000, 0x00000000, 0x00000000, 0x00000000, 0x00000000, 0x00000000, 0x00000000},
  // 0x0d
  {0x00000000, 0x00000000, 0x00000000, 0x00000000, 0x00000000, 0x00000000, 0x00000000, 0x00000000, 0x00000000, 0x00000000, 0x00000000, 0x00000000, 0x00000000, 0x00000000, 0x00000000, 0x00000000, 0x00000000, 0x00000000, 0x00000000, 0x00000000, 0x00000000, 0x00000000, 0x00000000, 0x00000000, 0x00000000, 0x00000000, 0x00000000, 0x00000000, 0x00000000, 0x00000000, 0x00000000, 0x00000000, 0x00000000, 0x00000000, 0x00000000, 0x00000000, 0x00000000, 0x00000000, 0x00000000, 0x00000000, 0x00000000, 0x00000000, 0x00000000, 0x00000000, 0x00000000, 0x00000000, 0x00000000, 0x00000000, 0x00000000, 0x00000000, 0x00000000, 0x00000000, 0x00000000, 0x00000000, 0x00000000, 0x00000000, 0x00000000, 0x00000000, 0x00000000, 0x00000000, 0x00000000, 0x00000000, 0x00000000, 0x00000000},
  // 0x0e
  {0x00000000, 0x00000000, 0x00000000, 0x00000000, 0x00000000, 0x00000000, 0x00000000, 0x00000000, 0x00000000, 0x00000000, 0x00000000, 0x00000000, 0x00000000, 0x00000000, 0x00000000, 0x00000000, 0x00000000, 0x00000000, 0x00000000, 0x00000000, 0x00000000, 0x00000000, 0x00000000, 0x00000000, 0x00000000, 0x00000000, 0x00000000, 0x00000000, 0x00000000, 0x00000000, 0x00000000, 0x00000000, 0x00000000, 0x00000000, 0x00000000, 0x00000000, 0x00000000, 0x00000000, 0x00000000, 0x00000000, 0x00000000, 0x00000000, 0x00000000, 0x00000000, 0x00000000, 0x00000000, 0x00000000, 0x00000000, 0x00000000, 0x00000000, 0x00000000, 0x00000000, 0x00000000, 0x00000000, 0x00000000, 0x00000000, 0x00000000, 0x00000000, 0x00000000, 0x00000000, 0x00000000, 0x00000000, 0x00000000, 0x00000000},
  // 0x0f
  {0x00000000, 0x00000000, 0x00000000, 0x00000000, 0x00000000, 0x00000000, 0x00000000, 0x00000000, 0x00000000, 0x00000000, 0x00000000, 0x00000000, 0x00000000, 0x00000000, 0x00000000, 0x00000000, 0x00000000, 0x00000000, 0x00000000, 0x00000000, 0x00000000, 0x00000000, 0x00000000, 0x00000000, 0x00000000, 0x00000000, 0x00000000, 0x00000000, 0x00000000, 0x00000000, 0x00000000, 0x00000000, 0x00000000, 0x00000000, 0x00000000, 0x00000000, 0x00000000, 0x00000000, 0x00000000, 0x00000000, 0x00000000, 0x00000000, 0x00000000, 0x00000000, 0x00000000, 0x00000000, 0x00000000, 0x00000000, 0x00000000, 0x00000000, 0x00000000, 0x00000000, 0x00000000, 0x00000000, 0x00000000, 0x00000000, 0x00000000, 0x00000000, 0x00000000, 0x00000000, 0x00000000, 0x00000000, 0x00000000, 0x00000000},
  // 0x10
  {0x00000000, 0x00000000, 0x00000000, 0x00000000, 0x00000000, 0x00000000, 0x00000000, 0x00000000, 0x00000000, 0x00000000, 0x00000000, 0x00000000, 0x00000000, 0x00000000, 0x00000000, 0x00000000, 0x00000000, 0x00000000, 0x00000000, 0x00000000, 0x00000000, 0x00000000, 0x00000000, 0x00000000, 0x00000000, 0x00000000, 0x00000000, 0x00000000, 0x00000000, 0x00000000, 0x00000000, 0x00000000, 0x00000000, 0x00000000, 0x00000000, 0x00000000, 0x00000000, 0x00000000, 0x00000000, 0x00000000, 0x00000000, 0x00000000, 0x00000000, 0x00000000, 0x00000000, 0x00000000, 0x00000000, 0x00000000, 0x00000000, 0x00000000, 0x00000000, 0x00000000, 0x00000000, 0x00000000, 0x00000000, 0x00000000, 0x00000000, 0x00000000, 0x00000000, 0x00000000, 0x00000000, 0x00000000, 0x00000000, 0x00000000},
  // 0x11
  {0x00000000, 0x00000000, 0x00000000, 0x00000000, 0x00000000, 0x00000000, 0x00000000, 0x00000000, 0x00000000, 0x00000000, 0x00000000, 0x00000000, 0x00000000, 0x00000000, 0x00000000, 0x00000000, 0x00000000, 0x00000000, 0x00000000, 0x00000000, 0x00000000, 0x00000000, 0x00000000, 0x00000000, 0x00000000, 0x00000000, 0x00000000, 0x00000000, 0x00000000, 0x00000000, 0x00000000, 0x00000000, 0x00000000, 0x00000000, 0x00000000, 0x00000000, 0x00000000, 0x00000000, 0x00000000, 0x00000000, 0x00000000, 0x00000000, 0x00000000, 0x00000000, 0x00000000, 0x00000000, 0x00000000, 0x00000000, 0x00000000, 0x00000000, 0x00000000, 0x00000000, 0x00000000, 0x00000000, 0x00000000, 0x00000000, 0x00000000, 0x00000000, 0x00000000, 0x00000000, 0x00000000, 0x00000000, 0x00000000, 0x00000000},
  // 0x12
  {0x00000000, 0x00000000, 0x00000000, 0x00000000, 0x00000000, 0x00000000, 0x00000000, 0x00000000, 0x00000000, 0x00000000, 0x00000000, 0x00000000, 0x00000000, 0x00000000, 0x00000000, 0x00000000, 0x00000000, 0x00000000, 0x00000000, 0x00000000, 0x00000000, 0x00000000, 0x00000000, 0x00000000, 0x00000000, 0x00000000, 0x00000000, 0x00000000, 0x00000000, 0x00000000, 0x00000000, 0x00000000, 0x00000000, 0x00000000, 0x00000000, 0x00000000, 0x00000000, 0x00000000, 0x00000000, 0x00000000, 0x00000000, 0x00000000, 0x00000000, 0x00000000, 0x00000000, 0x00000000, 0x00000000, 0x00000000, 0x00000000, 0x00000000, 0x00000000, 0x00000000, 0x00000000, 0x00000000, 0x00000000, 0x00000000, 0x00000000, 0x00000000, 0x00000000, 0x00000000, 0x00000000, 0x00000000, 0x00000000, 0x00000000},
  // 0x13
  {0x00000000, 0x00000000, 0x00000000, 0x00000000, 0x00000000, 0x00000000, 0x00000000, 0x00000000, 0x00000000, 0x00000000, 0x00000000, 0x00000000, 0x00000000, 0x00000000, 0x00000000, 0x00000000, 0x00000000, 0x00000000, 0x00000000, 0x00000000, 0x00000000, 0x00000000, 0x00000000, 0x00000000, 0x00000000, 0x00000000, 0x00000000, 0x00000000, 0x00000000, 0x00000000, 0x00000000, 0x00000000, 0x00000000, 0x00000000, 0x00000000, 0x00000000, 0x00000000, 0x00000000, 0x00000000, 0x00000000, 0x00000000, 0x00000000, 0x00000000, 0x00000000, 0x00000000, 0x00000000, 0x00000000, 0x00000000, 0x00000000, 0x00000000, 0x00000000, 0x00000000, 0x00000000, 0x00000000, 0x00000000, 0x00000000, 0x00000000, 0x00000000, 0x00000000, 0x00000000, 0x00000000, 0x00000000, 0x00000000, 0x00000000},
  // 0x14
  {0x00000000, 0x00000000, 0x00000000, 0x00000000, 0x00000000, 0x00000000, 0x00000000, 0x00000000, 0x00000000, 0x00000000, 0x00000000, 0x00000000, 0x00000000, 0x00000000, 0x00000000, 0x00000000, 0x00000000, 0x00000000, 0x00000000, 0x00000000, 0x00000000, 0x00000000, 0x00000000, 0x00000000, 0x00000000, 0x00000000, 0x00000000, 0x00000000, 0x00000000, 0x00000000, 0x00000000, 0x00000000, 0x00000000, 0x00000000, 0x00000000, 0x00000000, 0x00000000, 0x00000000, 0x00000000, 0x00000000, 0x00000000, 0x00000000, 0x00000000, 0x00000000, 0x00000000, 0x00000000, 0x00000000, 0x00000000, 0x00000000, 0x00000000, 0x00000000, 0x00000000, 0x00000000, 0x00000000, 0x00000000, 0x00000000, 0x00000000, 0x00000000, 0x00000000, 0x00000000, 0x00000000, 0x00000000, 0x00000000, 0x00000000},
  // 0x15
  {0x00000000, 0x00000000, 0x00000000, 0x00000000, 0x00000000, 0x00000000, 0x00000000, 0x00000000, 0x00000000, 0x00000000, 0x00000000, 0x00000000, 0x00000000, 0x00000000, 0x00000000, 0x00000000, 0x00000000, 0x00000000, 0x00000000, 0x00000000, 0x00000000, 0x00000000, 0x00000000, 0x00000000, 0x00000000, 0x00000000, 0x00000000, 0x00000000, 0x00000000, 0x00000000, 0x00000000, 0x00000000, 0x00000000, 0x00000000, 0x00000000, 0x00000000, 0x00000000, 0x00000000, 0x00000000, 0x00000000, 0x00000000, 0x00000000, 0x00000000, 0x00000000, 0x00000000, 0x00000000, 0x00000000, 0x00000000, 0x00000000, 0x00000000, 0x00000000, 0x00000000, 0x00000000, 0x00000000, 0x00000000, 0x00000000, 0x00000000, 0x00000000, 0x00000000, 0x00000000, 0x00000000, 0x00000000, 0x00000000, 0x00000000},
  // 0x16
  {0x00000000, 0x00000000, 0x00000000, 0x00000000, 0x00000000, 0x00000000, 0x00000000, 0x00000000, 0x00000000, 0x00000000, 0x00000000, 0x00000000, 0x00000000, 0x00000000, 0x00000000, 0x00000000, 0x00000000, 0x00000000, 0x00000000, 0x00000000, 0x00000000, 0x00000000, 0x00000000, 0x00000000, 0x00000000, 0x00000000, 0x00000000, 0x00000000, 0x00000000, 0x00000000, 0x00000000, 0x00000000, 0x00000000, 0x00000000, 0x00000000, 0x00000000, 0x00000000, 0x00000000, 0x00000000, 0x00000000, 0x00000000, 0x00000000, 0x00000000, 0x00000000, 0x00000000, 0x00000000, 0x00000000, 0x00000000, 0x00000000, 0x00000000, 0x00000000, 0x00000000, 0x00000000, 0x00000000, 0x00000000, 0x00000000, 0x00000000, 0x00000000, 0x00000000, 0x00000000, 0x00000000, 0x00000000, 0x00000000, 0x00000000},
  // 0x17
  {0x00000000, 0x00000000, 0x00000000, 0x00000000, 0x00000000, 0x00000000, 0x00000000, 0x00000000, 0x00000000, 0x00000000, 0x00000000, 0x00000000, 0x00000000, 0x00000000, 0x00000000, 0x00000000, 0x00000000, 0x00000000, 0x00000000, 0x00000000, 0x00000000, 0x00000000, 0x00000000, 0x00000000, 0x00000000, 0x00000000, 0x00000000, 0x00000000, 0x00000000, 0x00000000, 0x00000000, 0x00000000, 0x00000000, 0x00000000, 0x00000000, 0x00000000, 0x00000000, 0x00000000, 0x00000000, 0x00000000, 0x00000000, 0x00000000, 0x00000000, 0x00000000, 0x00000000, 0x00000000, 0x00000000, 0x00000000, 0x00000000, 0x00000000, 0x00000000, 0x00000000, 0x00000000, 0x00000000, 0x00000000, 0x00000000, 0x00000000, 0x00000000, 0x00000000, 0x00000000, 0x00000000, 0x00000000, 0x00000000, 0x00000000},
  // 0x18
  {0x00000000, 0x00000000, 0x00000000, 0x00000000, 0x00000000, 0x00000000, 0x00000000, 0x00000000, 0x00000000, 0x00000000, 0x00000000, 0x00000000, 0x00000000, 0x00000000, 0x00000000, 0x00000000, 0x00000000, 0x00000000, 0x00000000, 0x00000000, 0x00000000, 0x00000000, 0x00000000, 0x00000000, 0x00000000, 0x00000000, 0x00000000, 0x00000000, 0x00000000, 0x00000000, 0x00000000, 0x00000000, 0x00000000, 0x00000000, 0x00000000, 0x00000000, 0x00000000, 0x00000000, 0x00000000, 0x00000000, 0x00000000, 0x00000000, 0x00000000, 0x00000000, 0x00000000, 0x00000000, 0x00000000, 0x00000000, 0x00000000, 0x00000000, 0x00000000, 0x00000000, 0x00000000, 0x00000000, 0x00000000, 0x00000000, 0x00000000, 0x00000000, 0x00000000, 0x00000000, 0x00000000, 0x00000000, 0x00000000, 0x00000000},
  // 0x19
  {0x00000000, 0x00000000, 0x00000000, 0x00000000, 0x00000000, 0x00000000, 0x00000000, 0x00000000, 0x00000000, 0x00000000, 0x00000000, 0x00000000, 0x00000000, 0x00000000, 0x00000000, 0x00000000, 0x00000000, 0x00000000, 0x00000000, 0x00000000, 0x00000000, 0x00000000, 0x00000000, 0x00000000, 0x00000000, 0x00000000, 0x00000000, 0x00000000, 0x00000000, 0x00000000, 0x00000000, 0x00000000, 0x00000000, 0x00000000, 0x00000000, 0x00000000, 0x00000000, 0x00000000, 0x00000000, 0x00000000, 0x00000000, 0x00000000, 0x00000000, 0x00000000, 0x00000000, 0x00000000, 0x00000000, 0x00000000, 0x00000000, 0x00000000, 0x00000000, 0x00000000, 0x00000000, 0x00000000, 0x00000000, 0x00000000, 0x00000000, 0x00000000, 0x00000000, 0x00000000, 0x00000000, 0x00000000, 0x00000000, 0x00000000},
  // 0x1a
  {0x00000000, 0x00000000, 0x00000000, 0x00000000, 0x00000000, 0x00000000, 0x00000000, 0x00000000, 0x00000000, 0x00000000, 0x00000000, 0x00000000, 0x00000000, 0x00000000, 0x00000000, 0x00000000, 0x00000000, 0x00000000, 0x00000000, 0x00000000, 0x00000000, 0x00000000, 0x00000000, 0x00000000, 0x00000000, 0x00000000, 0x00000000, 0x00000000, 0x00000000, 0x00000000, 0x00000000, 0x00000000, 0x00000000, 0x00000000, 0x00000000, 0x00000000, 0x00000000, 0x00000000, 0x00000000, 0x00000000, 0x00000000, 0x00000000, 0x00000000, 0x00000000, 0x00000000, 0x00000000, 0x00000000, 0x00000000, 0x00000000, 0x00000000, 0x00000000, 0x00000000, 0x00000000, 0x00000000, 0x00000000, 0x00000000, 0x00000000, 0x00000000, 0x00000000, 0x00000000, 0x00000000, 0x00000000, 0x00000000, 0x00000000},
  // 0x1b
  {0x00000000, 0x00000000, 0x00000000, 0x00000000, 0x00000000, 0x00000000, 0x00000000, 0x00000000, 0x00000000, 0x00000000, 0x00000000, 0x00000000, 0x00000000, 0x00000000, 0x00000000, 0x00000000, 0x00000000, 0x00000000, 0x00000000, 0x00000000, 0x00000000, 0x00000000, 0x00000000, 0x00000000, 0x00000000, 0x00000000, 0x00000000, 0x00000000, 0x00000000, 0x00000000, 0x00000000, 0x00000000, 0x00000000, 0x00000000, 0x00000000, 0x00000000, 0x00000000, 0x00000000, 0x00000000, 0x00000000, 0x00000000, 0x00000000, 0x00000000, 0x00000000, 0x00000000, 0x00000000, 0x00000000, 0x00000000, 0x00000000, 0x00000000, 0x00000000, 0x00000000, 0x00000000, 0x00000000, 0x00000000, 0x00000000, 0x00000000, 0x00000000, 0x00000000, 0x00000000, 0x00000000, 0x00000000, 0x00000000, 0x00000000},
  // 0x1c
  {0x00000000, 0x00000000, 0x00000000, 0x00000000, 0x00000000, 0x00000000, 0x00000000, 0x00000000, 0x00000000, 0x00000000, 0x00000000, 0x00000000, 0x00000000, 0x00000000, 0x00000000, 0x00000000, 0x00000000, 0x00000000, 0x00000000, 0x00000000, 0x00000000, 0x00000000, 0x00000000, 0x00000000, 0x00000000, 0x00000000, 0x00000000, 0x00000000, 0x00000000, 0x00000000, 0x00000000, 0x00000000, 0x00000000, 0x00000000, 0x00000000, 0x00000000, 0x00000000, 0x00000000, 0x00000000, 0x00000000, 0x00000000, 0x00000000, 0x00000000, 0x00000000, 0x00000000, 0x00000000, 0x00000000, 0x00000000, 0x00000000, 0x00000000, 0x00000000, 0x00000000, 0x00000000, 0x00000000, 0x00000000, 0x00000000, 0x00000000, 0x00000000, 0x00000000, 0x00000000, 0x00000000, 0x00000000, 0x00000000, 0x00000000},
  // 0x1d
  {0x00000000, 0x00000000, 0x00000000, 0x00000000, 0x00000000, 0x00000000, 0x00000000, 0x00000000, 0x00000000, 0x00000000, 0x00000000, 0x00000000, 0x00000000, 0x00000000, 0x00000000, 0x00000000, 0x00000000, 0x00000000, 0x00000000, 0x00000000, 0x00000000, 0x00000000, 0x00000000, 0x00000000, 0x00000000, 0x00000000, 0x00000000, 0x00000000, 0x00000000, 0x00000000, 0x00000000, 0x00000000, 0x00000000, 0x00000000, 0x00000000, 0x00000000, 0x00000000, 0x00000000, 0x00000000, 0x00000000, 0x00000000, 0x00000000, 0x00000000, 0x00000000, 0x00000000, 0x00000000, 0x00000000, 0x00000000, 0x00000000, 0x00000000, 0x00000000, 0x00000000, 0x00000000, 0x00000000, 0x00000000, 0x00000000, 0x00000000, 0x00000000, 0x00000000, 0x00000000, 0x00000000, 0x00000000, 0x00000000, 0x00000000},
  // 0x1e
  {0x00000000, 0x00000000, 0x00000000, 0x00000000, 0x00000000, 0x00000000, 0x00000000, 0x00000000, 0x00000000, 0x00000000, 0x00000000, 0x00000000, 0x00000000, 0x00000000, 0x00000000, 0x00000000, 0x00000000, 0x00000000, 0x00000000, 0x00000000, 0x00000000, 0x00000000, 0x00000000, 0x00000000, 0x00000000, 0x00000000, 0x00000000, 0x00000000, 0x00000000, 0x00000000, 0x00000000, 0x00000000, 0x00000000, 0x00000000, 0x00000000, 0x00000000, 0x00000000, 0x00000000, 0x00000000, 0x00000000, 0x00000000, 0x00000000, 0x00000000, 0x00000000, 0x00000000, 0x00000000, 0x00000000, 0x00000000, 0x00000000, 0x00000000, 0x00000000, 0x00000000, 0x00000000, 0x00000000, 0x00000000, 0x00000000, 0x00000000, 0x00000000, 0x00000000, 0x00000000, 0x00000000, 0x00000000, 0x00000000, 0x00000000},
  // 0x1f
  {0x00000000, 0x00000000, 0x00000000, 0x00000000, 0x00000000, 0x00000000, 0x00000000, 0x00000000, 0x00000000, 0x00000000, 0x00000000, 0x00000000, 0x00000000, 0x00000000, 0x00000000, 0x00000000, 0x00000000, 0x00000000, 0x00000000, 0x00000000, 0x00000000, 0x00000000, 0x00000000, 0x00000000, 0x00000000, 0x00000000, 0x00000000, 0x00000000, 0x00000000, 0x00000000, 0x00000000, 0x00000000, 0x00000000, 0x00000000, 0x00000000, 0x00000000, 0x00000000, 0x00000000, 0x00000000, 0x00000000, 0x00000000, 0x00000000, 0x00000000, 0x00000000, 0x00000000, 0x00000000, 0x00000000, 0x00000000, 0x00000000, 0x00000000, 0x00000000, 0x00000000, 0x00000000, 0x00000000, 0x00000000, 0x00000000, 0x00000000, 0x00000000, 0x00000000, 0x00000000, 0x00000000, 0x00000000, 0x00000000, 0x00000000},
  // ' '
  {0x00000000, 0x00000000, 0x00000000, 0x00000000, 0x00000000, 0x00000000, 0x00000000, 0x00000000, 0x00000000, 0x00000000, 0x00000000, 0x00000000, 0x00000000, 0x00000000, 0x00000000, 0x00000000, 0x00000000, 0x00000000, 0x00000000, 0x00000000, 0x00000000, 0x00000000, 0x00000000, 0x00000000, 0x00000000, 0x00000000, 0x00000000, 0x00000000, 0x00000000, 0x00000000, 0x00000000, 0x00000000, 0x00000000, 0x00000000, 0x00000000, 0x00000000, 0x00000000, 0x00000000, 0x00000000, 0x00000000, 0x00000000, 0x00000000, 0x00000000, 0x00000000, 0x00000000, 0x00000000, 0x00000000, 0x00000000, 0x00000000, 0x00000000, 0x00000000, 0x00000000, 0x00000000, 0x00000000, 0x00000000, 0x00000000, 0x00000000, 0x00000000, 0x00000000, 0x00000000, 0x00000000, 0x00000000, 0x00000000, 0x00000000},
  // '!'
  {0x00000000, 0x00000000, 0x00000000, 0x00000000, 0x00000000, 0x00000000, 0x00000000, 0x00000000, 0x00000000, 0x00000000, 0x00000000, 0x00000000, 0x0003c000, 0x0003c000, 0x0003c000, 0x0003c000, 0x0003c000, 0x0003c000, 0x0003c000, 0x0003c000, 0x0003c000, 0x0003c000, 0x0003c000, 0x0003c000, 0x0003c000, 0x0003c000, 0x0003c000, 0x0003c000, 0x0003c000, 0x0003c000, 0x0003c000, 0x0003c000, 0x0003c000, 0x0003c000, 0x0003c000, 0x0003c000, 0x0003c000, 0x0003c000, 0x0003c000, 0x0003c000, 0x00000000, 0x00000000, 0x00000000, 0x00000000, 0x00000000, 0x00000000, 0x0003c000, 0x0003c000, 0x0003c000, 0x0003c000, 0x0003c000, 0x0003c000, 0x00000000, 0x00000000, 0x00000000, 0x00000000, 0x00000000, 0x00000000, 0x00000000, 0x00000000, 0x00000000, 0x00000000, 0x00000000, 0x00000000},
  // '"'
  {0x00000000, 0x00000000, 0x00000000, 0x00000000, 0x00000000, 0x00000000, 0x00000000, 0x00000000, 0x03c003c0, 0x03c003c0, 0x03c003c0, 0x03c003c0, 0x03c003c0, 0x03c003c0, 0x03c003c0, 0x03c003c0, 0x03c003c0, 0x03c003c0, 0x03c003c0, 0x03c003c0, 0x03c003c0, 0x03c003c0, 0x03c003c0, 0x03c003c0, 0x00000000, 0x00000000, 0x00000000, 0x00000000, 0x00000000, 0x00000000, 0x00000000, 0x00000000, 0x00000000, 0x00000000, 0x00000000, 0x00000000, 0x00000000, 0x00000000, 0x00000000, 0x00000000, 0x00000000, 0x00000000, 0x00000000, 0x00000000, 0x00000000, 0x00000000, 0x00000000, 0x00000000, 0x00000000, 0x00000000, 0x00000000, 0x00000000, 0x00000000, 0x00000000, 0x00000000, 0x00000000, 0x00000000, 0x00000000, 0x00000000, 0x00000000, 0x00000000, 0x00000000, 0x00000000, 0x00000000},
  // '#'
  {0x00000000, 0x00000000, 0x00000000, 0x00000000, 0x00000000, 0x00000000, 0x00000000, 0x00000000, 0x00000000, 0x00000000, 0x00000000, 0x00000000, 0x03c003c0, 0x03c003c0, 0x03c003c0, 0x03c003c0, 0x03c003c0, 0x03c003c0, 0x03c003c0, 0x03c003c0, 0x3ffffffc, 0x3ffffffc, 0x3ffffffc, 0x3ffffffc, 0x03c003c0, 0x03c003c0, 0x03c003c0, 0x03c003c0, 0x03c003c0, 0x03c003c0, 0x03c003c0, 0x03c003c0, 0x03c003c0, 0x03c003c0, 0x03c003c0, 0x03c003c0, 0x03c003c0, 0x03c003c0, 0x03c003c0, 0x03c003c0, 0x3ffffffc, 0x3ffffffc, 0x3ffffffc, 0x3ffffffc, 0x03c003c0, 0x03c003c0, 0x03c003c0, 0x03c003c0, 0x03c003c0, 0x03c003c0, 0x03c003c0, 0x03c003c0, 0x00000000, 0x00000000, 0x00000000, 0x00000000, 0x00000000, 0x00000000, 0x00000000, 0x00000000, 0x00000000, 0x00000000, 0x00000000, 0x00000000},
  // '$'
  {0x00000000, 0x00000000, 0x00000000, 0x00000000, 0x00000000, 0x00000000, 0x00000000, 0x00000000, 0x0003c000, 0x0003c000, 0x0003c000, 0x0003c000, 0x007ffff0, 0x01fffff0, 0x03fffff0, 0x07fffff0, 0x07c3c000, 0x0f83c000, 0x0f03c000, 0x0f03c000, 0x0f03c000, 0x0f03c000, 0x0f03c000, 0x0f03c000, 0x0f03c000, 0x0f03c000, 0x0f83c000, 0x07c3c000, 0x07fffe00, 0x03ffff80, 0x01ffffc0, 0x007fffe0, 0x0003c3e0, 0x0003c1f0, 0x0003c0f0, 0x0003c0f0, 0x0003c0f0, 0x0003c0f0, 0x0003c0f0, 0x0003c0f0, 0x0003c0f0, 0x0003c0f0, 0x0003c0f0, 0x0003c0f0, 0x0003c0f0, 0x0003c0f0, 0x0003c1f0, 0x0003c3e0, 0x0fffffe0, 0x0fffffc0, 0x0fffff80, 0x0ffffe00, 0x0003c000, 0x0003c000, 0x0003c000, 0x0003c000, 0x00000000, 0x00000000, 0x00000000, 0x00000000, 0x00000000, 0x00000000, 0x00000000, 0x00000000},
  // '%'
  {0x00000000, 0x00000000, 0x00000000, 0x00000000, 0x00000000, 0x00000000, 0x00000000, 0x00000000, 0x00000000, 0x00000000, 0x00000000, 0x00000000, 0x000001e0, 0x000001e0, 0x01f803e0, 0x03fc03e0, 0x079e07c0, 0x079e07c0, 0x079e0f80, 0x079e0f80, 0x079e1f00, 0x079e1f00, 0x03fc3e00, 0x01f83e00, 0x00007c00, 0x00007c00, 0x0000f800, 0x0000f800, 0x0001f000, 0x0001f000, 0x0003e000, 0x0003e000, 0x0007c000, 0x0007c000, 0x000f8000, 0x000f8000, 0x001f0000, 0x001f0000, 0x003e0000, 0x003e0000, 0x007c1f80, 0x007c3fc0, 0x00f879e0, 0x00f879e0, 0x01f079e0, 0x01f079e0, 0x03e079e0, 0x03e079e0, 0x07c03fc0, 0x07c01f80, 0x07800000, 0x07800000, 0x00000000, 0x00000000, 0x00000000, 0x00000000, 0x00000000, 0x00000000, 0x00000000, 0x00000000, 0x00000000, 0x00000000, 0x00000000, 0x00000000},
  // '&'
  {0x00000000, 0x00000000, 0x00000000, 0x00000000, 0x00000000, 0x00000000, 0x00000000, 0x00000000, 0x00000000, 0x00000000, 0x00000000, 0x00000000, 0x001ff800, 0x007ffe00, 0x00ffff00, 0x01ffff80, 0x01f00f80, 0x03e007c0, 0x03c003c0, 0x03c003c0, 0x03c003c0, 0x03c003c0, 0x03c003c0, 0x03c003c0, 0x03c003c0, 0x03c003c0, 0x03e007c0, 0x01f00f80, 0x01ffff80, 0x00ffff00, 0x007ffe00, 0x003ff800, 0x01ffc000, 0x07ffc000, 0x0fffe000, 0x1ffff000, 0x1f00f870, 0x3e007cf0, 0x3c003ff0, 0x3c001fe0, 0x3c000fc0, 0x3c000f80, 0x3c000f00, 0x3c000f00, 0x3c000f80, 0x3c000fc0, 0x3e001fe0, 0x1f003ff0, 0x1ffffcf8, 0x0ffffc7c, 0x07fff83c, 0x01ffe01c, 0x00000000, 0x00000000, 0x00000000, 0x00000000, 0x00000000, 0x00000000, 0x00000000, 0x00000000, 0x00000000, 0x00000000, 0x00000000, 0x00000000},
  // "'"
  {0x00000000, 0x00000000, 0x00000000, 0x00000000, 0x00000000, 0x00000000, 0x00000000, 0x00000000, 0x0003c000, 0x0003c000, 0x0003c000, 0x0003c000, 0x0003c000, 0x0003c000, 0x0003c000, 0x0003c000, 0x0003c000, 0x0003c000, 0x0003c000, 0x0003c000, 0x0003c000, 0x0003c000, 0x0003c000, 0x0003c000, 0x00000000, 0x00000000, 0x00000000, 0x00000000, 0x00000000, 0x00000000, 0x00000000, 0x00000000, 0x00000000, 0x00000000, 0x00000000, 0x00000000, 0x00000000, 0x00000000, 0x00000000, 0x00000000, 0x00000000, 0x00000000, 0x00000000, 0x00000000, 0x00000000, 0x00000000, 0x00000000, 0x00000000, 0x00000000, 0x00000000, 0x00000000, 0x00000000, 0x00000000, 0x00000000, 0x00000000, 0x00000000, 0x00000000, 0x00000000, 0x00000000, 0x00000000, 0x00000000, 0x00000000, 0x00000000, 0x00000000},
  // '('
  {0x00000000, 0x00000000, 0x00000000, 0x00000000, 0x00000ff0, 0x00003ff0, 0x0000fff0, 0x0001fff0, 0x0003fc00, 0x0007f000, 0x000fc000, 0x001f8000, 0x003f0000, 0x003e0000, 0x007c0000, 0x007c0000, 0x00f80000, 0x00f80000, 0x01f00000, 0x01f00000, 0x03e00000, 0x03e00000, 0x03c00000, 0x03c00000, 0x07c00000, 0x07c00000, 0x07800000, 0x07800000, 0x07800000, 0x07800000, 0x07800000, 0x07800000, 0x07800000, 0x07800000, 0x07800000, 0x07800000, 0x07800000, 0x07800000, 0x07c00000, 0x07c00000, 0x03c00000, 0x03c00000, 0x03e00000, 0x03e00000, 0x01f00000, 0x01f00000, 0x00f80000, 0x00f80000, 0x007c0000, 0x007c0000, 0x003e0000, 0x003f0000, 0x001f8000, 0x000fc000, 0x0007f000, 0x0003fc00, 0x0001fff0, 0x0000fff0, 0x00003ff0, 0x00000ff0, 0x00000000, 0x00000000, 0x00000000, 0x00000000},
  // ')'
  {0x00000000, 0x00000000, 0x00000000, 0x00000000, 0x0ff00000, 0x0ffc0000, 0x0fff0000, 0x0fff8000, 0x003fc000, 0x000fe000, 0x0003f000, 0x0001f800, 0x0000fc00, 0x00007c00, 0x00003e00, 0x00003e00, 0x00001f00, 0x00001f00, 0x00000f80, 0x00000f80, 0x000007c0, 0x000007c0, 0x000003c0, 0x000003c0, 0x000003e0, 0x000003e0, 0x000001e0, 0x000001e0, 0x000001e0, 0x000001e0, 0x000001e0, 0x000001e0, 0x000001e0, 0x000001e0, 0x000001e0, 0x000001e0, 0x000001e0, 0x000001e0, 0x000003e0, 0x000003e0, 0x000003c0, 0x000003c0, 0x000007c0, 0x000007c0, 0x00000f80, 0x00000f80, 0x00001f00, 0x00001f00, 0x00003e00, 0x00003e00, 0x00007c00, 0x0000fc00, 0x0001f800, 0x0003f000, 0x000fe000, 0x003fc000, 0x0fff8000, 0x0fff0000, 0x0ffc0000, 0x0ff00000, 0x00000000, 0x00000000, 0x00000000, 0x00000000},
  // '*'
  {0x00000000, 0x00000000, 0x00000000, 0x00000000, 0x00000000, 0x00000000, 0x00000000, 0x00000000, 0x00000000, 0x00000000, 0x00000000, 0x00000000, 0x00000000, 0x00000000, 0x00000000, 0x00000000, 0x00000000, 0x00000000, 0x00000000, 0x00000000, 0x03c003c0, 0x03c003c0, 0x03e007c0, 0x03f00fc0, 0x01f81f80, 0x00fc3f00, 0x007e7e00, 0x003ffc00, 0x001ff800, 0x000ff000, 0x000ff000, 0x000ff000, 0x3ffffffc, 0x3ffffffc, 0x3ffffffc, 0x3ffffffc, 0x000ff000, 0x000ff000, 0x000ff000, 0x001ff800, 0x003ffc00, 0x007e7e00, 0x00fc3f00, 0x01f81f80, 0x03f00fc0, 0x03e007c0, 0x03c003c0, 0x03c003c0, 0x00000000, 0x00000000, 0x00000000, 0x00000000, 0x00000000, 0x00000000, 0x00000000, 0x00000000, 0x00000000, 0x00000000, 0x00000000, 0x00000000, 0x00000000, 0x00000000, 0x00000000, 0x00000000},
  // '+'
  {0x00000000, 0x00000000, 0x00000000, 0x00000000, 0x00000000, 0x00000000, 0x00000000, 0x00000000, 0x00000000, 0x00000000, 0x00000000, 0x00000000, 0x00000000, 0x00000000, 0x00000000, 0x00000000, 0x00000000, 0x00000000, 0x00000000, 0x00000000, 0x00000000, 0x00000000, 0x00000000, 0x00000000, 0x0003c000, 0x0003c000, 0x0003c000, 0x0003c000, 0x0003c000, 0x0003c000, 0x0003c000, 0x0003c000, 0x03ffffc0, 0x03ffffc0, 0x03ffffc0, 0x03ffffc0, 0x0003c000, 0x0003c000, 0x0003c000, 0x0003c000, 0x0003c000, 0x0003c000, 0x0003c000, 0x0003c000, 0x00000000, 0x00000000, 0x00000000, 0x00000000, 0x00000000, 0x00000000, 0x00000000, 0x00000000, 0x00000000, 0x00000000, 0x00000000, 0x00000000, 0x00000000, 0x00000000, 0x00000000, 0x00000000, 0x00000000, 0x00000000, 0x00000000, 0x00000000},
  // ','
  {0x00000000, 0x00000000, 0x00000000, 0x00000000, 0x00000000, 0x00000000, 0x00000000, 0x00000000, 0x00000000, 0x00000000, 0x00000000, 0x00000000, 0x00000000, 0x00000000, 0x00000000, 0x00000000, 0x00000000, 0x00000000, 0x00000000, 0x00000000, 0x00000000, 0x00000000, 0x00000000, 0x00000000, 0x00000000, 0x00000000, 0x00000000, 0x00000000, 0x00000000, 0x00000000, 0x00000000, 0x00000000, 0x00000000, 0x00000000, 0x00000000, 0x00000000, 0x00000000, 0x00000000, 0x00000000, 0x00000000, 0x00000000, 0x00000000, 0x00000000, 0x00000000, 0x0003c000, 0x0003c000, 0x0003c000, 0x0003c000, 0x0003c000, 0x0003c000, 0x0007c000, 0x000f8000, 0x003f8000, 0x003f0000, 0x003e0000, 0x00380000, 0x00000000, 0x00000000, 0x00000000, 0x00000000, 0x00000000, 0x00000000, 0x00000000, 0x00000000},
  // '-'
  {0x00000000, 0x00000000, 0x00000000, 0x00000000, 0x00000000, 0x00000000, 0x00000000, 0x00000000, 0x00000000, 0x00000000, 0x00000000, 0x00000000, 0x00000000, 0x00000000, 0x00000000, 0x00000000, 0x00000000, 0x00000000, 0x00000000, 0x00000000, 0x00000000, 0x00000000, 0x00000000, 0x00000000, 0x00000000, 0x00000000, 0x00000000, 0x00000000, 0x00000000, 0x00000000, 0x00000000, 0x00000000, 0x0ffffff0, 0x0ffffff0, 0x0ffffff0, 0x0ffffff0, 0x00000000, 0x00000000, 0x00000000, 0x00000000, 0x00000000, 0x00000000, 0x00000000, 0x00000000, 0x00000000, 0x00000000, 0x00000000, 0x00000000, 0x00000000, 0x00000000, 0x00000000, 0x00000000, 0x00000000, 0x00000000, 0x00000000, 0x00000000, 0x00000000, 0x00000000, 0x00000000, 0x00000000, 0x00000000, 0x00000000, 0x00000000, 0x00000000},
  // '.'
  {0x00000000, 0x00000000, 0x00000000, 0x00000000, 0x00000000, 0x00000000, 0x00000000, 0x00000000, 0x00000000, 0x00000000, 0x00000000, 0x00000000, 0x00000000, 0x00000000, 0x00000000, 0x00000000, 0x00000000, 0x00000000, 0x00000000, 0x00000000, 0x00000000, 0x00000000, 0x00000000, 0x00000000, 0x00000000, 0x00000000, 0x00000000, 0x00000000, 0x00000000, 0x00000000, 0x00000000, 0x00000000, 0x00000000, 0x00000000, 0x00000000, 0x00000000, 0x00000000, 0x00000000, 0x00000000, 0x00000000, 0x00000000, 0x00000000, 0x00000000, 0x00000000, 0x00000000, 0x00000000, 0x0003c000, 0x0003c000, 0x0003c000, 0x0003c000, 0x0003c000, 0x0003c000, 0x00000000, 0x00000000, 0x00000000, 0x00000000, 0x00000000, 0x00000000, 0x00000000, 0x00000000, 0x00000000, 0x00000000, 0x00000000, 0x00000000},
  // '/'
  {0x00000000, 0x00000000, 0x00000000, 0x00000000, 0x00000000, 0x00000000, 0x0000003c, 0x0000003c, 0x0000007c, 0x0000007c, 0x000000f8, 0x000000f8, 0x000001f0, 0x000001f0, 0x000003e0, 0x000003e0, 0x000007c0, 0x000007c0, 0x00000f80, 0x00000f80, 0x00001f00, 0x00001f00, 0x00003e00, 0x00003e00, 0x00007c00, 0x00007c00, 0x0000f800, 0x0000f800, 0x0001f000, 0x0001f000, 0x0003e000, 0x0003e000, 0x0007c000, 0x0007c000, 0x000f8000, 0x000f8000, 0x001f0000, 0x001f0000, 0x003e0000, 0x003e0000, 0x007c0000, 0x007c0000, 0x00f80000, 0x00f80000, 0x01f00000, 0x01f00000, 0x03e00000, 0x03e00000, 0x07c00000, 0x07c00000, 0x0f800000, 0x0f800000, 0x1f000000, 0x1f000000, 0x3e000000, 0x3e000000, 0x3c000000, 0x3c000000, 0x00000000, 0x00000000, 0x00000000, 0x00000000, 0x00000000, 0x00000000},
  // '0'
  {0x00000000, 0x00000000, 0x00000000, 0x00000000, 0x00000000, 0x00000000, 0x00000000, 0x00000000, 0x00000000, 0x00000000, 0x00000000, 0x00000000, 0x007ffe00, 0x01ffff80, 0x03ffffc0, 0x07ffffe0, 0x07c003e0, 0x0f8001f0, 0x0f0000f0, 0x0f0000f0, 0x0f0000f0, 0x0f0001f0, 0x0f0003f0, 0x0f0007f0, 0x0f000ff0, 0x0f001ff0, 0x0f003ff0, 0x0f007ef0, 0x0f00fcf0, 0x0f01f8f0, 0x0f03f0f0, 0x0f07e0f0, 0x0f0fc0f0, 0x0f1f80f0, 0x0f3f00f0, 0x0f7e00f0, 0x0ffc00f0, 0x0ff800f0, 0x0ff000f0, 0x0fe000f0, 0x0fc000f0, 0x0f8000f0, 0x0f0000f0, 0x0f0000f0, 0x0f0000f0, 0x0f0000f0, 0x0f8001f0, 0x07c003e0, 0x07ffffe0, 0x03ffffc0, 0x01ffff80, 0x007ffe00, 0x00000000, 0x00000000, 0x00000000, 0x00000000, 0x00000000, 0x00000000, 0x00000000, 0x00000000, 0x00000000, 0x00000000, 0x00000000, 0x00000000},
  // '1'
  {0x00000000, 0x00000000, 0x00000000, 0x00000000, 0x00000000, 0x00000000, 0x00000000, 0x00000000, 0x00000000, 0x00000000, 0x00000000, 0x00000000, 0x000fc000, 0x001fc000, 0x003fc000, 0x007fc000, 0x00fbc000, 0x01f3c000, 0x03e3c000, 0x03c3c000, 0x0383c000, 0x0303c000, 0x0003c000, 0x0003c000, 0x0003c000, 0x0003c000, 0x0003c000, 0x0003c000, 0x0003c000, 0x0003c000, 0x0003c000, 0x0003c000, 0x0003c000, 0x0003c000, 0x0003c000, 0x0003c000, 0x0003c000, 0x0003c000, 0x0003c000, 0x0003c000, 0x0003c000, 0x0003c000, 0x0003c000, 0x0003c000, 0x0003c000, 0x0003c000, 0x0003c000, 0x0003c000, 0x03ffffc0, 0x03ffffc0, 0x03ffffc0, 0x03ffffc0, 0x00000000, 0x00000000, 0x00000000, 0x00000000, 0x00000000, 0x00000000, 0x00000000, 0x00000000, 0x00000000, 0x00000000, 0x00000000, 0x00000000},
  // '2'
  {0x00000000, 0x00000000, 0x00000000, 0x00000000, 0x00000000, 0x00000000, 0x00000000, 0x00000000, 0x00000000, 0x00000000, 0x00000000, 0x00000000, 0x007ffe00, 0x01ffff80, 0x03ffffc0, 0x07ffffe0, 0x07c003e0, 0x0f8001f0, 0x0f0000f0, 0x0f0000f0, 0x000000f0, 0x000000f0, 0x000000f0, 0x000000f0, 0x000000f0, 0x000001e0, 0x000003e0, 0x000007c0, 0x00000f80, 0x00001f00, 0x00003e00, 0x00007c00, 0x0000f800, 0x0001f000, 0x0003e000, 0x0007c000, 0x000f8000, 0x001f0000, 0x003e0000, 0x007c0000, 0x00f80000, 0x01f00000, 0x03e00000, 0x07c00000, 0x0f8000f0, 0x0f0000f0, 0x0f0000f0, 0x0f0000f0, 0x0ffffff0, 0x0ffffff0, 0x0ffffff0, 0x0ffffff0, 0x00000000, 0x00000000, 0x00000000, 0x00000000, 0x00000000, 0x00000000, 0x00000000, 0x00000000, 0x00000000, 0x00000000, 0x00000000, 0x00000000},
  // '3'
  {0x00000000, 0x00000000, 0x00000000, 0x00000000, 0x00000000, 0x00000000, 0x00000000, 0x00000000, 0x00000000, 0x00000000, 0x00000000, 0x00000000, 0x007ffe00, 0x01ffff80, 0x03ffffc0, 0x07ffffe0, 0x07c003e0, 0x0f8001f0, 0x0f0000f0, 0x0f0000f0, 0x000000f0, 0x000000f0, 0x000000f0, 0x000000f0, 0x000000f0, 0x000000f0, 0x000001e0, 0x000003c0, 0x003fff80, 0x003fff00, 0x003fff00, 0x003fff80, 0x000003c0, 0x000001e0, 0x000000f0, 0x000000f0, 0x000000f0, 0x000000f0, 0x000000f0, 0x000000f0, 0x000000f0, 0x000000f0, 0x000000f0, 0x000000f0, 0x0f0000f0, 0x0f0000f0, 0x0f8001f0, 0x07c003e0, 0x07ffffe0, 0x03ffffc0, 0x01ffff80, 0x007ffe00, 0x00000000, 0x00000000, 0x00000000, 0x00000000, 0x00000000, 0x00000000, 0x00000000, 0x00000000, 0x00000000, 0x00000000, 0x00000000, 0x00000000},
  // '4'
  {0x00000000, 0x00000000, 0x00000000, 0x00000000, 0x00000000, 0x00000000, 0x00000000, 0x00000000, 0x00000000, 0x00000000, 0x00000000, 0x00000000, 0x0f000000, 0x0f000000, 0x0f000000, 0x0f000000, 0x0f000000, 0x0f000000, 0x0f000000, 0x0f000000, 0x0f000f00, 0x0f000f00, 0x0f000f00, 0x0f000f00, 0x0f000f00, 0x0f000f00, 0x0f000f00, 0x0f000f00, 0x0f000f00, 0x0f000f00, 0x0f000f00, 0x0f000f00, 0x0f000f00, 0x0f000f00, 0x0f000f00, 0x0f000f00, 0x0ffffff0, 0x0ffffff0, 0x0ffffff0, 0x0ffffff0, 0x00000f00, 0x00000f00, 0x00000f00, 0x00000f00, 0x00000f00, 0x00000f00, 0x00000f00, 0x00000f00, 0x00000f00, 0x00000f00, 0x00000f00, 0x00000f00, 0x00000000, 0x00000000, 0x00000000, 0x00000000, 0x00000000, 0x00000000, 0x00000000, 0x00000000, 0x00000000, 0x00000000, 0x00000000, 0x00000000},
  // '5'
  {0x00000000, 0x00000000, 0x00000000, 0x00000000, 0x00000000, 0x00000000, 0x00000000, 0x00000000, 0x00000000, 0x00000000, 0x00000000, 0x00000000, 0x0ffffff0, 0x0ffffff0, 0x0ffffff0, 0x0ffffff0, 0x0f0000f0, 0x0f0000f0, 0x0f0000f0, 0x0f0000f0, 0x0f000000, 0x0f000000, 0x0f000000, 0x0f000000, 0x0f000000, 0x0f000000, 0x0f000000, 0x0f000000, 0x0ffffe00, 0x0fffff80, 0x0fffffc0, 0x0fffffe0, 0x000003e0, 0x000001f0, 0x000000f0, 0x000000f0, 0x000000f0, 0x000000f0, 0x000000f0, 0x000000f0, 0x000000f0, 0x000000f0, 0x000000f0, 0x000000f0, 0x0f0000f0, 0x0f0000f0, 0x0f8001f0, 0x07c003e0, 0x07ffffe0, 0x03ffffc0, 0x01ffff80, 0x007ffe00, 0x00000000, 0x00000000, 0x00000000, 0x00000000, 0x00000000, 0x00000000, 0x00000000, 0x00000000, 0x00000000, 0x00000000, 0x00000000, 0x00000000},
  // '6'
  {0x00000000, 0x00000000, 0x00000000, 0x00000000, 0x00000000, 0x00000000, 0x00000000, 0x00000000, 0x00000000, 0x00000000, 0x00000000, 0x00000000, 0x007ffe00, 0x01ffff80, 0x03ffffc0, 0x07ffffe0, 0x07c003e0, 0x0f8001f0, 0x0f0000f0, 0x0f0000f0, 0x0f000000, 0x0f000000, 0x0f000000, 0x0f000000, 0x0f000000, 0x0f000000, 0x0f000000, 0x0f000000, 0x0ffffe00, 0x0fffff80, 0x0fffffc0, 0x0fffffe0, 0x0f0003e0, 0x0f0001f0, 0x0f0000f0, 0x0f0000f0, 0x0f0000f0, 0x0f0000f0, 0x0f0000f0, 0x0f0000f0, 0x0f0000f0, 0x0f0000f0, 0x0f0000f0, 0x0f0000f0, 0x0f0000f0, 0x0f0000f0, 0x0f8001f0, 0x07c003e0, 0x07ffffe0, 0x03ffffc0, 0x01ffff80, 0x007ffe00, 0x00000000, 0x00000000, 0x00000000, 0x00000000, 0x00000000, 0x00000000, 0x00000000, 0x00000000, 0x00000000, 0x00000000, 0x00000000, 0x00000000},
  // '7'
  {0x00000000, 0x00000000, 0x00000000, 0x00000000, 0x00000000, 0x00000000, 0x00000000, 0x00000000, 0x00000000, 0x00000000, 0x00000000, 0x00000000, 0x0ffffff0, 0x0ffffff0, 0x0ffffff0, 0x0ffffff0, 0x0f0000f0, 0x0f0000f0, 0x0f0000f0, 0x0f0000f0, 0x000000f0, 0x000000f0, 0x000000f0, 0x000000f0, 0x000000f0, 0x000001f0, 0x000003e0, 0x000007c0, 0x00000f80, 0x00001f00, 0x00003e00, 0x00007c00, 0x0000f800, 0x0001f000, 0x0003e000, 0x0007c000, 0x000f8000, 0x000f0000, 0x000f0000, 0x000f0000, 0x000f0000, 0x000f0000, 0x000f0000, 0x000f0000, 0x000f0000, 0x000f0000, 0x000f0000, 0x000f0000, 0x000f0000, 0x000f0000, 0x000f0000, 0x000f0000, 0x00000000, 0x00000000, 0x00000000, 0x00000000, 0x00000000, 0x00000000, 0x00000000, 0x00000000, 0x00000000, 0x00000000, 0x00000000, 0x00000000},
  // '8'
  {0x00000000, 0x00000000, 0x00000000, 0x00000000, 0x00000000, 0x00000000, 0x00000000, 0x00000000, 0x00000000, 0x00000000, 0x00000000, 0x00000000, 0x007ffe00, 0x01ffff80, 0x03ffffc0, 0x07ffffe0, 0x07c003e0, 0x0f8001f0, 0x0f0000f0, 0x0f0000f0, 0x0f0000f0, 0x0f0000f0, 0x0f0000f0, 0x0f0000f0, 0x0f0000f0, 0x0f0000f0, 0x078001e0, 0x03c003c0, 0x01ffff80, 0x00ffff00, 0x00ffff00, 0x01ffff80, 0x03c003c0, 0x078001e0, 0x0f0000f0, 0x0f0000f0, 0x0f0000f0, 0x0f0000f0, 0x0f0000f0, 0x0f0000f0, 0x0f0000f0, 0x0f0000f0, 0x0f0000f0, 0x0f0000f0, 0x0f0000f0, 0x0f0000f0, 0x0f8001f0, 0x07c003e0, 0x07ffffe0, 0x03ffffc0, 0x01ffff80, 0x007ffe00, 0x00000000, 0x00000000, 0x00000000, 0x00000000, 0x00000000, 0x00000000, 0x00000000, 0x00000000, 0x00000000, 0x00000000, 0x00000000, 0x00000000},
  // '9'
  {0x00000000, 0x00000000, 0x00000000, 0x00000000, 0x00000000, 0x00000000, 0x00000000, 0x00000000, 0x00000000, 0x00000000, 0x00000000, 0x00000000, 0x007ffe00, 0x01ffff80, 0x03ffffc0, 0x07ffffe0, 0x07c003e0, 0x0f8001f0, 0x0f0000f0, 0x0f0000f0, 0x0f0000f0, 0x0f0000f0, 0x0f0000f0, 0x0f0000f0, 0x0f0000f0, 0x0f0000f0, 0x0f0000f0, 0x0f0000f0, 0x0f0000f0, 0x0f0000f0, 0x0f8000f0, 0x07c000f0, 0x07fffff0, 0x03fffff0, 0x01fffff0, 0x007ffff0, 0x000000f0, 0x000000f0, 0x000000f0, 0x000000f0, 0x000000f0, 0x000000f0, 0x000000f0, 0x000000f0, 0x0f0000f0, 0x0f0000f0, 0x0f8001f0, 0x07c003e0, 0x07ffffe0, 0x03ffffc0, 0x01ffff80, 0x007ffe00, 0x00000000, 0x00000000, 0x00000000, 0x00000000, 0x00000000, 0x00000000, 0x00000000, 0x00000000, 0x00000000, 0x00000000, 0x00000000, 0x00000000},
  // ':'
  {0x00000000, 0x00000000, 0x00000000, 0x00000000, 0x00000000, 0x00000000, 0x00000000, 0x00000000, 0x00000000, 0x00000000, 0x00000000, 0x00000000, 0x00000000, 0x00000000, 0x00000000, 0x00000000, 0x00000000, 0x00000000, 0x00000000, 0x00000000, 0x00000000, 0x00000000, 0x00000000, 0x00000000, 0x00000000, 0x00000000, 0x0003c000, 0x0003c000, 0x0003c000, 0x0003c000, 0x0003c000, 0x0003c000, 0x00000000, 0x00000000, 0x00000000, 0x00000000, 0x00000000, 0x00000000, 0x00000000, 0x00000000, 0x00000000, 0x00000000, 0x00000000, 0x00000000, 0x00000000, 0x00000000, 0x0003c000, 0x0003c000, 0x0003c000, 0x0003c000, 0x0003c000, 0x0003c000, 0x00000000, 0x00000000, 0x00000000, 0x00000000, 0x00000000, 0x00000000, 0x00000000, 0x00000000, 0x00000000, 0x00000000, 0x00000000, 0x00000000},
  // ';'
  {0x00000000, 0x00000000, 0x00000000, 0x00000000, 0x00000000, 0x00000000, 0x00000000, 0x00000000, 0x00000000, 0x00000000, 0x00000000, 0x00000000, 0x00000000, 0x00000000, 0x00000000, 0x00000000, 0x00000000, 0x00000000, 0x00000000, 0x00000000, 0x00000000, 0x00000000, 0x00000000, 0x00000000, 0x00000000, 0x00000000, 0x0003c000, 0x0003c000, 0x0003c000, 0x0003c000, 0x0003c000, 0x0003c000, 0x00000000, 0x00000000, 0x00000000, 0x00000000, 0x00000000, 0x00000000, 0x00000000, 0x00000000, 0x00000000, 0x00000000, 0x00000000, 0x00000000, 0x0003c000, 0x0003c000, 0x0003c000, 0x0003c000, 0x0003c000, 0x0003c000, 0x0007c000, 0x000f8000, 0x003f8000, 0x003f0000, 0x003e0000, 0x00380000, 0x00000000, 0x00000000, 0x00000000, 0x00000000, 0x00000000, 0x00000000, 0x00000000, 0x00000000},
  // '<'
  {0x00000000, 0x00000000, 0x00000000, 0x00000000, 0x00000000, 0x00000000, 0x00000000, 0x00000000, 0x00000000, 0x00000000, 0x00000000, 0x00000000, 0x000003f0, 0x000007e0, 0x00000fc0, 0x00001f80, 0x00003f00, 0x00007e00, 0x0000fc00, 0x0001f800, 0x0003f000, 0x0007e000, 0x000fc000, 0x001f8000, 0x003f0000, 0x007e0000, 0x00fc0000, 0x01f80000, 0x03f00000, 0x07e00000, 0x0fc00000, 0x0fc00000, 0x0fc00000, 0x0fc00000, 0x07e00000, 0x03f00000, 0x01f80000, 0x00fc0000, 0x007e0000, 0x003f0000, 0x001f8000, 0x000fc000, 0x0007e000, 0x0003f000, 0x0001f800, 0x0000fc00, 0x00007e00, 0x00003f00, 0x00001f80, 0x00000fc0, 0x000007e0, 0x000003f0, 0x00000000, 0x00000000, 0x00000000, 0x00000000, 0x00000000, 0x00000000, 0x00000000, 0x00000000, 0x00000000, 0x00000000, 0x00000000, 0x00000000},
  // '='
  {0x00000000, 0x00000000, 0x00000000, 0x00000000, 0x00000000, 0x00000000, 0x00000000, 0x00000000, 0x00000000, 0x00000000, 0x00000000, 0x00000000, 0x00000000, 0x00000000, 0x00000000, 0x00000000, 0x00000000, 0x00000000, 0x00000000, 0x00000000, 0x00000000, 0x00000000, 0x00000000, 0x00000000, 0x0ffffff0, 0x0ffffff0, 0x0ffffff0, 0x0ffffff0, 0x00000000, 0x00000000, 0x00000000, 0x00000000, 0x00000000, 0x00000000, 0x00000000, 0x00000000, 0x0ffffff0, 0x0ffffff0, 0x0ffffff0, 0x0ffffff0, 0x00000000, 0x00000000, 0x00000000, 0x00000000, 0x00000000, 0x00000000, 0x00000000, 0x00000000, 0x00000000, 0x00000000, 0x00000000, 0x00000000, 0x00000000, 0x00000000, 0x00000000, 0x00000000, 0x00000000, 0x00000000, 0x00000000, 0x00000000, 0x00000000, 0x00000000, 0x00000000, 0x00000000},
  // '>'
  {0x00000000, 0x00000000, 0x00000000, 0x00000000, 0x00000000, 0x00000000, 0x00000000, 0x00000000, 0x00000000, 0x00000000, 0x00000000, 0x00000000, 0x0fc00000, 0x07e00000, 0x03f00000, 0x01f80000, 0x00fc0000, 0x007e0000, 0x003f0000, 0x001f8000, 0x000fc000, 0x0007e000, 0x0003f000, 0x0001f800, 0x0000fc00, 0x00007e00, 0x00003f00, 0x00001f80, 0x00000fc0, 0x000007e0, 0x000003f0, 0x000003f0, 0x000003f0, 0x000003f0, 0x000007e0, 0x00000fc0, 0x00001f80, 0x00003f00, 0x00007e00, 0x0000fc00, 0x0001f800, 0x0003f000, 0x0007e000, 0x000fc000, 0x001f8000, 0x003f0000, 0x007e0000, 0x00fc0000, 0x01f80000, 0x03f00000, 0x07e00000, 0x0fc00000, 0x00000000, 0x00000000, 0x00000000, 0x00000000, 0x00000000, 0x00000000, 0x00000000, 0x00000000, 0x00000000, 0x00000000, 0x00000000, 0x00000000},
  // '?'
  {0x00000000, 0x00000000, 0x00000000, 0x00000000, 0x00000000, 0x00000000, 0x00000000, 0x00000000, 0x00000000, 0x00000000, 0x00000000, 0x00000000, 0x007ffe00, 0x01ffff80, 0x03ffffc0, 0x07ffffe0, 0x07c003e0, 0x0f8001f0, 0x0f0000f0, 0x0f0000f0, 0x000000f0, 0x000000f0, 0x000000f0, 0x000000f0, 0x000001e0, 0x000003c0, 0x00000780, 0x00000f00, 0x00001e00, 0x00003c00, 0x00007800, 0x00007800, 0x0000f000, 0x0000f000, 0x0001e000, 0x0001e000, 0x0003c000, 0x0003c000, 0x0003c000, 0x0003c000, 0x00000000, 0x00000000, 0x00000000, 0x00000000, 0x00000000, 0x00000000, 0x0003c000, 0x0003c000, 0x0003c000, 0x0003c000, 0x0003c000, 0x0003c000, 0x00000000, 0x00000000, 0x00000000, 0x00000000, 0x00000000, 0x00000000, 0x00000000, 0x00000000, 0x00000000, 0x00000000, 0x00000000, 0x00000000},
  // '@'
  {0x00000000, 0x00000000, 0x00000000, 0x00000000, 0x00000000, 0x00000000, 0x00000000, 0x00000000, 0x00000000, 0x00000000, 0x00000000, 0x00000000, 0x00000000, 0x00000000, 0x00000000, 0x00000000, 0x007ffe00, 0x01ffff80, 0x03ffffc0, 0x07ffffe0, 0x07c003e0, 0x0f8001f0, 0x0f0000f0, 0x0f0000f0, 0x0f0000f0, 0x0f0000f0, 0x0f03f0f0, 0x0f03f0f0, 0x0f03f0f0, 0x0f03f0f0, 0x0f03f0f0, 0x0f03f0f0, 0x0f03f0f0, 0x0f03f0f0, 0x0f03f0f0, 0x0f03f0f0, 0x0f03f0f0, 0x0f03f0f0, 0x0f03fff0, 0x0f03fff0, 0x0f03fff0, 0x0f03fff0, 0x0f000000, 0x0f000000, 0x0f000000, 0x0f000000, 0x0f800000, 0x07c00000, 0x07ffffc0, 0x03ffffc0, 0x01ffffc0, 0x007fffc0, 0x00000000, 0x00000000, 0x00000000, 0x00000000, 0x00000000, 0x00000000, 0x00000000, 0x00000000, 0x00000000, 0x00000000, 0x00000000, 0x00000000},
  // 'A'
  {0x00000000, 0x00000000, 0x00000000, 0x00000000, 0x00000000, 0x00000000, 0x00000000, 0x00000000, 0x00000000, 0x00000000, 0x00000000, 0x00000000, 0x007ffe00, 0x01ffff80, 0x03ffffc0, 0x07ffffe0, 0x07c003e0, 0x0f8001f0, 0x0f0000f0, 0x0f0000f0, 0x0f0000f0, 0x0f0000f0, 0x0f0000f0, 0x0f0000f0, 0x0f0000f0, 0x0f0000f0, 0x0f0000f0, 0x0f0000f0, 0x0f0000f0, 0x0f0000f0, 0x0ffffff0, 0x0ffffff0, 0x0ffffff0, 0x0ffffff0, 0x0f0000f0, 0x0f0000f0, 0x0f0000f0, 0x0f0000f0, 0x0f0000f0, 0x0f0000f0, 0x0f0000f0, 0x0f0000f0, 0x0f0000f0, 0x0f0000f0, 0x0f0000f0, 0x0f0000f0, 0x0f0000f0, 0x0f0000f0, 0x0f0000f0, 0x0f0000f0, 0x0f0000f0, 0x0f0000f0, 0x00000000, 0x00000000, 0x00000000, 0x00000000, 0x00000000, 0x00000000, 0x00000000, 0x00000000, 0x00000000, 0x00000000, 0x00000000, 0x00000000},
  // 'B'
  {0x00000000, 0x00000000, 0x00000000, 0x00000000, 0x00000000, 0x00000000, 0x00000000, 0x00000000, 0x00000000, 0x00000000, 0x00000000, 0x00000000, 0x0ffffe00, 0x0fffff80, 0x0fffffc0, 0x0fffffe0, 0x0f0003e0, 0x0f0001f0, 0x0f0000f0, 0x0f0000f0, 0x0f0000f0, 0x0f0000f0, 0x0f0000f0, 0x0f0000f0, 0x0f0000f0, 0x0f0000f0, 0x0f0001e0, 0x0f0003c0, 0x0fffff80, 0x0fffff00, 0x0fffff00, 0x0fffff80, 0x0f0003c0, 0x0f0001e0, 0x0f0000f0, 0x0f0000f0, 0x0f0000f0, 0x0f0000f0, 0x0f0000f0, 0x0f0000f0, 0x0f0000f0, 0x0f0000f0, 0x0f0000f0, 0x0f0000f0, 0x0f0000f0, 0x0f0000f0, 0x0f0001f0, 0x0f0003e0, 0x0fffffe0, 0x0fffffc0, 0x0fffff80, 0x0ffffe00, 0x00000000, 0x00000000, 0x00000000, 0x00000000, 0x00000000, 0x00000000, 0x00000000, 0x00000000, 0x00000000, 0x00000000, 0x00000000, 0x00000000},
  // 'C'
  {0x00000000, 0x00000000, 0x00000000, 0x00000000, 0x00000000, 0x00000000, 0x00000000, 0x00000000, 0x00000000, 0x00000000, 0x00000000, 0x00000000, 0x007ffff0, 0x01fffff0, 0x03fffff0, 0x07fffff0, 0x07c00000, 0x0f800000, 0x0f000000, 0x0f000000, 0x0f000000, 0x0f000000, 0x0f000000, 0x0f000000, 0x0f000000, 0x0f000000, 0x0f000000, 0x0f000000, 0x0f000000, 0x0f000000, 0x0f000000, 0x0f000000, 0x0f000000, 0x0f000000, 0x0f000000, 0x0f000000, 0x0f000000, 0x0f000000, 0x0f000000, 0x0f000000, 0x0f000000, 0x0f000000, 0x0f000000, 0x0f000000, 0x0f000000, 0x0f000000, 0x0f800000, 0x07c00000, 0x07fffff0, 0x03fffff0, 0x01fffff0, 0x007ffff0, 0x00000000, 0x00000000, 0x00000000, 0x00000000, 0x00000000, 0x00000000, 0x00000000, 0x00000000, 0x00000000, 0x00000000, 0x00000000, 0x00000000},
  // 'D'
  {0x00000000, 0x00000000, 0x00000000, 0x00000000, 0x00000000, 0x00000000, 0x00000000, 0x00000000, 0x00000000, 0x00000000, 0x00000000, 0x00000000, 0x0ffffe00, 0x0fffff80, 0x0fffffc0, 0x0fffffe0, 0x0f0003e0, 0x0f0001f0, 0x0f0000f0, 0x0f0000f0, 0x0f0000f0, 0x0f0000f0, 0x0f0000f0, 0x0f0000f0, 0x0f0000f0, 0x0f0000f0, 0x0f0000f0, 0x0f0000f0, 0x0f0000f0, 0x0f0000f0, 0x0f0000f0, 0x0f0000f0, 0x0f0000f0, 0x0f0000f0, 0x0f0000f0, 0x0f0000f0, 0x0f0000f0, 0x0f0000f0, 0x0f0000f0, 0x0f0000f0, 0x0f0000f0, 0x0f0000f0, 0x0f0000f0, 0x0f0000f0, 0x0f0000f0, 0x0f0000f0, 0x0f0001f0, 0x0f0003e0, 0x0fffffe0, 0x0fffffc0, 0x0fffff80, 0x0ffffe00, 0x00000000, 0x00000000, 0x00000000, 0x00000000, 0x00000000, 0x00000000, 0x00000000, 0x00000000, 0x00000000, 0x00000000, 0x00000000, 0x00000000},
  // 'E'
  {0x00000000, 0x00000000, 0x00000000, 0x00000000, 0x00000000, 0x00000000, 0x00000000, 0x00000000, 0x00000000, 0x00000000, 0x00000000, 0x00000000, 0x007ffff0, 0x01fffff0, 0x03fffff0, 0x07fffff0, 0x07c00000, 0x0f800000, 0x0f000000, 0x0f000000, 0x0f000000, 0x0f000000, 0x0f000000, 0x0f000000, 0x0f000000, 0x0f000000, 0x0f000000, 0x0f000000, 0x0f000000, 0x0f000000, 0x0ffffc00, 0x0ffffc00, 0x0ffffc00, 0x0ffffc00, 0x0f000000, 0x0f000000, 0x0f000000, 0x0f000000, 0x0f000000, 0x0f000000, 0x0f000000, 0x0f000000, 0x0f000000, 0x0f000000, 0x0f000000, 0x0f000000, 0x0f800000, 0x07c00000, 0x07fffff0, 0x03fffff0, 0x01fffff0, 0x007ffff0, 0x00000000, 0x00000000, 0x00000000, 0x00000000, 0x00000000, 0x00000000, 0x00000000, 0x00000000, 0x00000000, 0x00000000, 0x00000000, 0x00000000},
  // 'F'
  {0x00000000, 0x00000000, 0x00000000, 0x00000000, 0x00000000, 0x00000000, 0x00000000, 0x00000000, 0x00000000, 0x00000000, 0x00000000, 0x00000000, 0x007ffff0, 0x01fffff0, 0x03fffff0, 0x07fffff0, 0x07c00000, 0x0f800000, 0x0f000000, 0x0f000000, 0x0f000000, 0x0f000000, 0x0f000000, 0x0f000000, 0x0f000000, 0x0f000000, 0x0f000000, 0x0f000000, 0x0f000000, 0x0f000000, 0x0ffffc00, 0x0ffffc00, 0x0ffffc00, 0x0ffffc00, 0x0f000000, 0x0f000000, 0x0f000000, 0x0f000000, 0x0f000000, 0x0f000000, 0x0f000000, 0x0f000000, 0x0f000000, 0x0f000000, 0x0f000000, 0x0f000000, 0x0f000000, 0x0f000000, 0x0f000000, 0x0f000000, 0x0f000000, 0x0f000000, 0x00000000, 0x00000000, 0x00000000, 0x00000000, 0x00000000, 0x00000000, 0x00000000, 0x00000000, 0x00000000, 0x00000000, 0x00000000, 0x00000000},
  // 'G'
  {0x00000000, 0x00000000, 0x00000000, 0x00000000, 0x00000000, 0x00000000, 0x00000000, 0x00000000, 0x00000000, 0x00000000, 0x00000000, 0x00000000, 0x007ffff0, 0x01fffff0, 0x03fffff0, 0x07fffff0, 0x07c00000, 0x0f800000, 0x0f000000, 0x0f000000, 0x0f000000, 0x0f000000, 0x0f000000, 0x0f000000, 0x0f000000, 0x0f000000, 0x0f000000, 0x0f000000, 0x0f000000, 0x0f000000, 0x0f00fff0, 0x0f00fff0, 0x0f00fff0, 0x0f00fff0, 0x0f0000f0, 0x0f0000f0, 0x0f0000f0, 0x0f0000f0, 0x0f0000f0, 0x0f0000f0, 0x0f0000f0, 0x0f0000f0, 0x0f0000f0, 0x0f0000f0, 0x0f0000f0, 0x0f0000f0, 0x0f8000f0, 0x07c000f0, 0x07fffff0, 0x03fffff0, 0x01fffff0, 0x007ffff0, 0x00000000, 0x00000000, 0x00000000, 0x00000000, 0x00000000, 0x00000000, 0x00000000, 0x00000000, 0x00000000, 0x00000000, 0x00000000, 0x00000000},
  // 'H'
  {0x00000000, 0x00000000, 0x00000000, 0x00000000, 0x00000000, 0x00000000, 0x00000000, 0x00000000, 0x00000000, 0x00000000, 0x00000000, 0x00000000, 0x0f0000f0, 0x0f0000f0, 0x0f0000f0, 0x0f0000f0, 0x0f0000f0, 0x0f0000f0, 0x0f0000f0, 0x0f0000f0, 0x0f0000f0, 0x0f0000f0, 0x0f0000f0, 0x0f0000f0, 0x0f0000f0, 0x0f0000f0, 0x0f0000f0, 0x0f0000f0, 0x0f0000f0, 0x0f0000f0, 0x0ffffff0, 0x0ffffff0, 0x0ffffff0, 0x0ffffff0, 0x0f0000f0, 0x0f0000f0, 0x0f0000f0, 0x0f0000f0, 0x0f0000f0, 0x0f0000f0, 0x0f0000f0, 0x0f0000f0, 0x0f0000f0, 0x0f0000f0, 0x0f0000f0, 0x0f0000f0, 0x0f0000f0, 0x0f0000f0, 0x0f0000f0, 0x0f0000f0, 0x0f0000f0, 0x0f0000f0, 0x00000000, 0x00000000, 0x00000000, 0x00000000, 0x00000000, 0x00000000, 0x00000000, 0x00000000, 0x00000000, 0x00000000, 0x00000000, 0x00000000},
  // 'I'
  {0x00000000, 0x00000000, 0x00000000, 0x00000000, 0x00000000, 0x00000000, 0x00000000, 0x00000000, 0x00000000, 0x00000000, 0x00000000, 0x00000000, 0x03ffffc0, 0x03ffffc0, 0x03ffffc0, 0x03ffffc0, 0x0003c000, 0x0003c000, 0x0003c000, 0x0003c000, 0x0003c000, 0x0003c000, 0x0003c000, 0x0003c000, 0x0003c000, 0x0003c000, 0x0003c000, 0x0003c000, 0x0003c000, 0x0003c000, 0x0003c000, 0x0003c000, 0x0003c000, 0x0003c000, 0x0003c000, 0x0003c000, 0x0003c000, 0x0003c000, 0x0003c000, 0x0003c000, 0x0003c000, 0x0003c000, 0x0003c000, 0x0003c000, 0x0003c000, 0x0003c000, 0x0003c000, 0x0003c000, 0x03ffffc0, 0x03ffffc0, 0x03ffffc0, 0x03ffffc0, 0x00000000, 0x00000000, 0x00000000, 0x00000000, 0x00000000, 0x00000000, 0x00000000, 0x00000000, 0x00000000, 0x00000000, 0x00000000, 0x00000000},
  // 'J'
  {0x00000000, 0x00000000, 0x00000000, 0x00000000, 0x00000000, 0x00000000, 0x00000000, 0x00000000, 0x00000000, 0x00000000, 0x00000000, 0x00000000, 0x03ffffc0, 0x03ffffc0, 0x03ffffc0, 0x03ffffc0, 0x0003c000, 0x0003c000, 0x0003c000, 0x0003c000, 0x0003c000, 0x0003c000, 0x0003c000, 0x0003c000, 0x0003c000, 0x0003c000, 0x0003c000, 0x0003c000, 0x0003c000, 0x0003c000, 0x0003c000, 0x0003c000, 0x0003c000, 0x0003c000, 0x0003c000, 0x0003c000, 0x0003c000, 0x0003c000, 0x0003c000, 0x0003c000, 0x0003c000, 0x0003c000, 0x0003c000, 0x0003c000, 0x0003c000, 0x0003c000, 0x0007c000, 0x000f8000, 0x3fff8000, 0x3fff0000, 0x3ffe0000, 0x3ff80000, 0x00000000, 0x00000000, 0x00000000, 0x00000000, 0x00000000, 0x00000000, 0x00000000, 0x00000000, 0x00000000, 0x00000000, 0x00000000, 0x00000000},
  // 'K'
  {0x00000000, 0x00000000, 0x00000000, 0x00000000, 0x00000000, 0x00000000, 0x00000000, 0x00000000, 0x00000000, 0x00000000, 0x00000000, 0x00000000, 0x0f0000f0, 0x0f0000f0, 0x0f0000f0, 0x0f0000f0, 0x0f0000f0, 0x0f0000f0, 0x0f0000f0, 0x0f0000f0, 0x0f0000f0, 0x0f0000f0, 0x0f0000f0, 0x0f0000f0, 0x0f0000f0, 0x0f0001f0, 0x0f0003e0, 0x0f0007c0, 0x0f000f80, 0x0f001f00, 0x0ffffe00, 0x0ffffc00, 0x0ffffc00, 0x0ffffe00, 0x0f001f00, 0x0f000f80, 0x0f0007c0, 0x0f0003e0, 0x0f0001f0, 0x0f0000f0, 0x0f0000f0, 0x0f0000f0, 0x0f0000f0, 0x0f0000f0, 0x0f0000f0, 0x0f0000f0, 0x0f0000f0, 0x0f0000f0, 0x0f0000f0, 0x0f0000f0, 0x0f0000f0, 0x0f0000f0, 0x00000000, 0x00000000, 0x00000000, 0x00000000, 0x00000000, 0x00000000, 0x00000000, 0x00000000, 0x00000000, 0x00000000, 0x00000000, 0x00000000},
  // 'L'
  {0x00000000, 0x00000000, 0x00000000, 0x00000000, 0x00000000, 0x00000000, 0x00000000, 0x00000000, 0x00000000, 0x00000000, 0x00000000, 0x00000000, 0x0f000000, 0x0f000000, 0x0f000000, 0x0f000000, 0x0f000000, 0x0f000000, 0x0f000000, 0x0f000000, 0x0f000000, 0x0f000000, 0x0f000000, 0x0f000000, 0x0f000000, 0x0f000000, 0x0f000000, 0x0f000000, 0x0f000000, 0x0f000000, 0x0f000000, 0x0f000000, 0x0f000000, 0x0f000000, 0x0f000000, 0x0f000000, 0x0f000000, 0x0f000000, 0x0f000000, 0x0f000000, 0x0f000000, 0x0f000000, 0x0f000000, 0x0f000000, 0x0f000000, 0x0f000000, 0x0f800000, 0x07c00000, 0x07fffff0, 0x03fffff0, 0x01fffff0, 0x007ffff0, 0x00000000, 0x00000000, 0x00000000, 0x00000000, 0x00000000, 0x00000000, 0x00000000, 0x00000000, 0x00000000, 0x00000000, 0x00000000, 0x00000000},
  // 'M'
  {0x00000000, 0x00000000, 0x00000000, 0x00000000, 0x00000000, 0x00000000, 0x00000000, 0x00000000, 0x00000000, 0x00000000, 0x00000000, 0x00000000, 0x0f0000f0, 0x0f8001f0, 0x0fc003f0, 0x0fe007f0, 0x0ff00ff0, 0x0ff81ff0, 0x0ffc3ff0, 0x0f7e7ef0, 0x0f3ffcf0, 0x0f1ff8f0, 0x0f0ff0f0, 0x0f07e0f0, 0x0f03c0f0, 0x0f0180f0, 0x0f0000f0, 0x0f0000f0, 0x0f0000f0, 0x0f0000f0, 0x0f0000f0, 0x0f0000f0, 0x0f0000f0, 0x0f0000f0, 0x0f0000f0, 0x0f0000f0, 0x0f0000f0, 0x0f0000f0, 0x0f0000f0, 0x0f0000f0, 0x0f0000f0, 0x0f0000f0, 0x0f0000f0, 0x0f0000f0, 0x0f0000f0, 0x0f0000f0, 0x0f0000f0, 0x0f0000f0, 0x0f0000f0, 0x0f0000f0, 0x0f0000f0, 0x0f0000f0, 0x00000000, 0x00000000, 0x00000000, 0x00000000, 0x00000000, 0x00000000, 0x00000000, 0x00000000, 0x00000000, 0x00000000, 0x00000000, 0x00000000},
  // 'N'
  {0x00000000, 0x00000000, 0x00000000, 0x00000000, 0x00000000, 0x00000000, 0x00000000, 0x00000000, 0x00000000, 0x00000000, 0x00000000, 0x00000000, 0x0f0000f0, 0x0f0000f0, 0x0f8000f0, 0x0f8000f0, 0x0fc000f0, 0x0fc000f0, 0x0fe000f0, 0x0fe000f0, 0x0ff000f0, 0x0ff000f0, 0x0ff800f0, 0x0ff800f0, 0x0f7c00f0, 0x0f7c00f0, 0x0f3e00f0, 0x0f3e00f0, 0x0f1f00f0, 0x0f1f00f0, 0x0f0f80f0, 0x0f0f80f0, 0x0f07c0f0, 0x0f07c0f0, 0x0f03e0f0, 0x0f03e0f0, 0x0f01f0f0, 0x0f01f0f0, 0x0f00f8f0, 0x0f00f8f0, 0x0f007cf0, 0x0f007cf0, 0x0f003ef0, 0x0f003ef0, 0x0f001ff0, 0x0f001ff0, 0x0f000ff0, 0x0f000ff0, 0x0f0007f0, 0x0f0007f0, 0x0f0003f0, 0x0f0003f0, 0x00000000, 0x00000000, 0x00000000, 0x00000000, 0x00000000, 0x00000000, 0x00000000, 0x00000000, 0x00000000, 0x00000000, 0x00000000, 0x00000000},
  // 'O'
  {0x00000000, 0x00000000, 0x00000000, 0x00000000, 0x00000000, 0x00000000, 0x00000000, 0x00000000, 0x00000000, 0x00000000, 0x00000000, 0x00000000, 0x007ffe00, 0x01ffff80, 0x03ffffc0, 0x07ffffe0, 0x07c003e0, 0x0f8001f0, 0x0f0000f0, 0x0f0000f0, 0x0f0000f0, 0x0f0000f0, 0x0f0000f0, 0x0f0000f0, 0x0f0000f0, 0x0f0000f0, 0x0f0000f0, 0x0f0000f0, 0x0f0000f0, 0x0f0000f0, 0x0f0000f0, 0x0f0000f0, 0x0f0000f0, 0x0f0000f0, 0x0f0000f0, 0x0f0000f0, 0x0f0000f0, 0x0f0000f0, 0x0f0000f0, 0x0f0000f0, 0x0f0000f0, 0x0f0000f0, 0x0f0000f0, 0x0f0000f0, 0x0f0000f0, 0x0f0000f0, 0x0f8001f0, 0x07c003e0, 0x07ffffe0, 0x03ffffc0, 0x01ffff80, 0x007ffe00, 0x00000000, 0x00000000, 0x00000000, 0x00000000, 0x00000000, 0x00000000, 0x00000000, 0x00000000, 0x00000000, 0x00000000, 0x00000000, 0x00000000},
  // 'P'
  {0x00000000, 0x00000000, 0x00000000, 0x00000000, 0x00000000, 0x00000000, 0x00000000, 0x00000000, 0x00000000, 0x00000000, 0x00000000, 0x00000000, 0x0ffffe00, 0x0fffff80, 0x0fffffc0, 0x0fffffe0, 0x0f0003e0, 0x0f0001f0, 0x0f0000f0, 0x0f0000f0, 0x0f0000f0, 0x0f0000f0, 0x0f0000f0, 0x0f0000f0, 0x0f0000f0, 0x0f0000f0, 0x0f0000f0, 0x0f0000f0, 0x0f0001f0, 0x0f0003e0, 0x0fffffe0, 0x0fffffc0, 0x0fffff80, 0x0ffffe00, 0x0f000000, 0x0f000000, 0x0f000000, 0x0f000000, 0x0f000000, 0x0f000000, 0x0f000000, 0x0f000000, 0x0f000000, 0x0f000000, 0x0f000000, 0x0f000000, 0x0f000000, 0x0f000000, 0x0f000000, 0x0f000000, 0x0f000000, 0x0f000000, 0x00000000, 0x00000000, 0x00000000, 0x00000000, 0x00000000, 0x00000000, 0x00000000, 0x00000000, 0x00000000, 0x00000000, 0x00000000, 0x00000000},
  // 'Q'
  {0x00000000, 0x00000000, 0x00000000, 0x00000000, 0x00000000, 0x00000000, 0x00000000, 0x00000000, 0x00000000, 0x00000000, 0x00000000, 0x00000000, 0x007ffe00, 0x01ffff80, 0x03ffffc0, 0x07ffffe0, 0x07c003e0, 0x0f8001f0, 0x0f0000f0, 0x0f0000f0, 0x0f0000f0, 0x0f0000f0, 0x0f0000f0, 0x0f0000f0, 0x0f0000f0, 0x0f0000f0, 0x0f0000f0, 0x0f0000f0, 0x0f0000f0, 0x0f0000f0, 0x0f0000f0, 0x0f0000f0, 0x0f0000f0, 0x0f0000f0, 0x0f0000f0, 0x0f0000f0, 0x0f0000f0, 0x0f0000f0, 0x0f0000f0, 0x0f0000f0, 0x0f03c0f0, 0x0f03c0f0, 0x0f03e0f0, 0x0f03e0f0, 0x0f01f0f0, 0x0f01f0f0, 0x0f80f9f0, 0x07c0fbe0, 0x07ffffe0, 0x03ffffc0, 0x01ffff80, 0x007ffe00, 0x00001f00, 0x00001f00, 0x00000f80, 0x00000f80, 0x000007c0, 0x000007c0, 0x000003c0, 0x000003c0, 0x00000000, 0x00000000, 0x00000000, 0x00000000},
  // 'R'
  {0x00000000, 0x00000000, 0x00000000, 0x00000000, 0x00000000, 0x00000000, 0x00000000, 0x00000000, 0x00000000, 0x00000000, 0x00000000, 0x00000000, 0x0ffffe00, 0x0fffff80, 0x0fffffc0, 0x0fffffe0, 0x0f0003e0, 0x0f0001f0, 0x0f0000f0, 0x0f0000f0, 0x0f0000f0, 0x0f0000f0, 0x0f0000f0, 0x0f0000f0, 0x0f0000f0, 0x0f0000f0, 0x0f0000f0, 0x0f0001f0, 0x0f0003e0, 0x0f0007c0, 0x0fffff80, 0x0fffff00, 0x0fffff00, 0x0fffff80, 0x0f0007c0, 0x0f0003e0, 0x0f0001f0, 0x0f0000f0, 0x0f0000f0, 0x0f0000f0, 0x0f0000f0, 0x0f0000f0, 0x0f0000f0, 0x0f0000f0, 0x0f0000f0, 0x0f0000f0, 0x0f0000f0, 0x0f0000f0, 0x0f0000f0, 0x0f0000f0, 0x0f0000f0, 0x0f0000f0, 0x00000000, 0x00000000, 0x00000000, 0x00000000, 0x00000000, 0x00000000, 0x00000000, 0x00000000, 0x00000000, 0x00000000, 0x00000000, 0x00000000},
  // 'S'
  {0x00000000, 0x00000000, 0x00000000, 0x00000000, 0x00000000, 0x00000000, 0x00000000, 0x00000000, 0x00000000, 0x00000000, 0x00000000, 0x00000000, 0x007ffff0, 0x01fffff0, 0x03fffff0, 0x07fffff0, 0x07c00000, 0x0f800000, 0x0f000000, 0x0f000000, 0x0f000000, 0x0f000000, 0x0f000000, 0x0f000000, 0x0f000000, 0x0f000000, 0x0f000000, 0x0f000000, 0x0f800000, 0x07c00000, 0x07fffe00, 0x03ffff80, 0x01ffffc0, 0x007fffe0, 0x000003e0, 0x000001f0, 0x000000f0, 0x000000f0, 0x000000f0, 0x000000f0, 0x000000f0, 0x000000f0, 0x000000f0, 0x000000f0, 0x000000f0, 0x000000f0, 0x000001f0, 0x000003e0, 0x0fffffe0, 0x0fffffc0, 0x0fffff80, 0x0ffffe00, 0x00000000, 0x00000000, 0x00000000, 0x00000000, 0x00000000, 0x00000000, 0x00000000, 0x00000000, 0x00000000, 0x00000000, 0x00000000, 0x00000000},
  // 'T'
  {0x00000000, 0x00000000, 0x00000000, 0x00000000, 0x00000000, 0x00000000, 0x00000000, 0x00000000, 0x00000000, 0x00000000, 0x00000000, 0x00000000, 0x3ffffffc, 0x3ffffffc, 0x3ffffffc, 0x3ffffffc, 0x0003c000, 0x0003c000, 0x0003c000, 0x0003c000, 0x0003c000, 0x0003c000, 0x0003c000, 0x0003c000, 0x0003c000, 0x0003c000, 0x0003c000, 0x0003c000, 0x0003c000, 0x0003c000, 0x0003c000, 0x0003c000, 0x0003c000, 0x0003c000, 0x0003c000, 0x0003c000, 0x0003c000, 0x0003c000, 0x0003c000, 0x0003c000, 0x0003c000, 0x0003c000, 0x0003c000, 0x0003c000, 0x0003c000, 0x0003c000, 0x0003c000, 0x0003c000, 0x0003c000, 0x0003c000, 0x0003c000, 0x0003c000, 0x00000000, 0x00000000, 0x00000000, 0x00000000, 0x00000000, 0x00000000, 0x00000000, 0x00000000, 0x00000000, 0x00000000, 0x00000000, 0x00000000},
  // 'U'
  {0x00000000, 0x00000000, 0x00000000, 0x00000000, 0x00000000, 0x00000000, 0x00000000, 0x00000000, 0x00000000, 0x00000000, 0x00000000, 0x00000000, 0x0f0000f0, 0x0f0000f0, 0x0f0000f0, 0x0f0000f0, 0x0f0000f0, 0x0f0000f0, 0x0f0000f0, 0x0f0000f0, 0x0f0000f0, 0x0f0000f0, 0x0f0000f0, 0x0f0000f0, 0x0f0000f0, 0x0f0000f0, 0x0f0000f0, 0x0f0000f0, 0x0f0000f0, 0x0f0000f0, 0x0f0000f0, 0x0f0000f0, 0x0f0000f0, 0x0f0000f0, 0x0f0000f0, 0x0f0000f0, 0x0f0000f0, 0x0f0000f0, 0x0f0000f0, 0x0f0000f0, 0x0f0000f0, 0x0f0000f0, 0x0f0000f0, 0x0f0000f0, 0x0f0000f0, 0x0f0000f0, 0x0f8000f0, 0x07c000f0, 0x07fffff0, 0x03fffff0, 0x01fffff0, 0x007ffff0, 0x00000000, 0x00000000, 0x00000000, 0x00000000, 0x00000000, 0x00000000, 0x00000000, 0x00000000, 0x00000000, 0x00000000, 0x00000000, 0x00000000},
  // 'V'
  {0x00000000, 0x00000000, 0x00000000, 0x00000000, 0x00000000, 0x00000000, 0x00000000, 0x00000000, 0x00000000, 0x00000000, 0x00000000, 0x00000000, 0x0f0000f0, 0x0f0000f0, 0x0f0000f0, 0x0f0000f0, 0x0f0000f0, 0x0f0000f0, 0x0f0000f0, 0x0f0000f0, 0x0f0000f0, 0x0f0000f0, 0x0f0000f0, 0x0f0000f0, 0x0f0000f0, 0x0f0000f0, 0x0f0000f0, 0x0f0000f0, 0x0f0000f0, 0x0f0000f0, 0x0f0000f0, 0x0f0000f0, 0x0f0000f0, 0x0f0000f0, 0x0f0000f0, 0x0f0000f0, 0x0f0000f0, 0x0f0000f0, 0x0f0000f0, 0x0f0000f0, 0x0f8001f0, 0x0fc003f0, 0x07e007e0, 0x03f00fc0, 0x01f81f80, 0x00fc3f00, 0x007e7e00, 0x003ffc00, 0x001ff800, 0x000ff000, 0x0007e000, 0x0003c000, 0x00000000, 0x00000000, 0x00000000, 0x00000000, 0x00000000, 0x00000000, 0x00000000, 0x00000000, 0x00000000, 0x00000000, 0x00000000, 0x00000000},
  // 'W'
  {0x00000000, 0x00000000, 0x00000000, 0x00000000, 0x00000000, 0x00000000, 0x00000000, 0x00000000, 0x00000000, 0x00000000, 0x00000000, 0x00000000, 0x0f0000f0, 0x0f0000f0, 0x0f0000f0, 0x0f0000f0, 0x0f0000f0, 0x0f0000f0, 0x0f0000f0, 0x0f0000f0, 0x0f0000f0, 0x0f0000f0, 0x0f0000f0, 0x0f0000f0, 0x0f0000f0, 0x0f0000f0, 0x0f0000f0, 0x0f0000f0, 0x0f0000f0, 0x0f0000f0, 0x0f0000f0, 0x0f0000f0, 0x0f0000f0, 0x0f0000f0, 0x0f0000f0, 0x0f0000f0, 0x0f0000f0, 0x0f0000f0, 0x0f0180f0, 0x0f03c0f0, 0x0f07e0f0, 0x0f0ff0f0, 0x0f1ff8f0, 0x0f3ffcf0, 0x0f7e7ef0, 0x0ffc3ff0, 0x0ff81ff0, 0x0ff00ff0, 0x0fe007f0, 0x0fc003f0, 0x0f8001f0, 0x0f0000f0, 0x00000000, 0x00000000, 0x00000000, 0x00000000, 0x00000000, 0x00000000, 0x00000000, 0x00000000, 0x00000000, 0x00000000, 0x00000000, 0x00000000},
  // 'X'
  {0x00000000, 0x00000000, 0x00000000, 0x00000000, 0x00000000, 0x00000000, 0x00000000, 0x00000000, 0x00000000, 0x00000000, 0x00000000, 0x00000000, 0x0f0000f0, 0x0f0000f0, 0x0f0000f0, 0x0f0000f0, 0x0f0000f0, 0x0f0000f0, 0x0f0000f0, 0x0f0000f0, 0x0f0000f0, 0x0f0000f0, 0x0f0000f0, 0x0f0000f0, 0x0f0000f0, 0x0f8001f0, 0x0fc003f0, 0x07e007e0, 0x03f00fc0, 0x01f81f80, 0x00ffff00, 0x007ffe00, 0x007ffe00, 0x00ffff00, 0x01f81f80, 0x03f00fc0, 0x07e007e0, 0x0fc003f0, 0x0f8001f0, 0x0f0000f0, 0x0f0000f0, 0x0f0000f0, 0x0f0000f0, 0x0f0000f0, 0x0f0000f0, 0x0f0000f0, 0x0f0000f0, 0x0f0000f0, 0x0f0000f0, 0x0f0000f0, 0x0f0000f0, 0x0f0000f0, 0x00000000, 0x00000000, 0x00000000, 0x00000000, 0x00000000, 0x00000000, 0x00000000, 0x00000000, 0x00000000, 0x00000000, 0x00000000, 0x00000000},
  // 'Y'
  {0x00000000, 0x00000000, 0x00000000, 0x00000000, 0x00000000, 0x00000000, 0x00000000, 0x00000000, 0x00000000, 0x00000000, 0x00000000, 0x00000000, 0x0f0000f0, 0x0f0000f0, 0x0f0000f0, 0x0f0000f0, 0x0f0000f0, 0x0f0000f0, 0x0f0000f0, 0x0f0000f0, 0x0f0000f0, 0x0f0000f0, 0x0f0000f0, 0x0f0000f0, 0x0f0000f0, 0x0f0000f0, 0x0f0000f0, 0x0f0000f0, 0x0f8000f0, 0x07c000f0, 0x07fffff0, 0x03fffff0, 0x01fffff0, 0x007ffff0, 0x000000f0, 0x000000f0, 0x000000f0, 0x000000f0, 0x000000f0, 0x000000f0, 0x000000f0, 0x000000f0, 0x000000f0, 0x000000f0, 0x000000f0, 0x000000f0, 0x000001f0, 0x000003e0, 0x0fffffe0, 0x0fffffc0, 0x0fffff80, 0x0ffffe00, 0x00000000, 0x00000000, 0x00000000, 0x00000000, 0x00000000, 0x00000000, 0x00000000, 0x00000000, 0x00000000, 0x00000000, 0x00000000, 0x00000000},
  // 'Z'
  {0x00000000, 0x00000000, 0x00000000, 0x00000000, 0x00000000, 0x00000000, 0x00000000, 0x00000000, 0x00000000, 0x00000000, 0x00000000, 0x00000000, 0x0ffffff0, 0x0ffffff0, 0x0ffffff0, 0x0ffffff0, 0x000000f0, 0x000000f0, 0x000000f0, 0x000000f0, 0x000000f0, 0x000000f0, 0x000000f0, 0x000001f0, 0x000003e0, 0x000007c0, 0x00000f80, 0x00001f00, 0x00003e00, 0x00007c00, 0x0000f800, 0x0001f000, 0x0003e000, 0x0007c000, 0x000f8000, 0x001f0000, 0x003e0000, 0x007c0000, 0x00f80000, 0x01f00000, 0x03e00000, 0x07c00000, 0x0f800000, 0x0f000000, 0x0f000000, 0x0f000000, 0x0f000000, 0x0f000000, 0x0ffffff0, 0x0ffffff0, 0x0ffffff0, 0x0ffffff0, 0x00000000, 0x00000000, 0x00000000, 0x00000000, 0x00000000, 0x00000000, 0x00000000, 0x00000000, 0x00000000, 0x00000000, 0x00000000, 0x00000000},
  // '['
  {0x00000000, 0x00000000, 0x00000000, 0x00000000, 0x00fffff0, 0x00fffff0, 0x00fffff0, 0x00fffff0, 0x00f00000, 0x00f00000, 0x00f00000, 0x00f00000, 0x00f00000, 0x00f00000, 0x00f00000, 0x00f00000, 0x00f00000, 0x00f00000, 0x00f00000, 0x00f00000, 0x00f00000, 0x00f00000, 0x00f00000, 0x00f00000, 0x00f00000, 0x00f00000, 0x00f00000, 0x00f00000, 0x00f00000, 0x00f00000, 0x00f00000, 0x00f00000, 0x00f00000, 0x00f00000, 0x00f00000, 0x00f00000, 0x00f00000, 0x00f00000, 0x00f00000, 0x00f00000, 0x00f00000, 0x00f00000, 0x00f00000, 0x00f00000, 0x00f00000, 0x00f00000, 0x00f00000, 0x00f00000, 0x00f00000, 0x00f00000, 0x00f00000, 0x00f00000, 0x00f00000, 0x00f00000, 0x00f00000, 0x00f00000, 0x00fffff0, 0x00fffff0, 0x00fffff0, 0x00fffff0, 0x00000000, 0x00000000, 0x00000000, 0x00000000},
  // '\\'
  {0x00000000, 0x00000000, 0x00000000, 0x00000000, 0x00000000, 0x00000000, 0x3c000000, 0x3c000000, 0x3e000000, 0x3e000000, 0x1f000000, 0x1f000000, 0x0f800000, 0x0f800000, 0x07c00000, 0x07c00000, 0x03e00000, 0x03e00000, 0x01f00000, 0x01f00000, 0x00f80000, 0x00f80000, 0x007c0000, 0x007c0000, 0x003e0000, 0x003e0000, 0x001f0000, 0x001f0000, 0x000f8000, 0x000f8000, 0x0007c000, 0x0007c000, 0x0003e000, 0x0003e000, 0x0001f000, 0x0001f000, 0x0000f800, 0x0000f800, 0x00007c00, 0x00007c00, 0x00003e00, 0x00003e00, 0x00001f00, 0x00001f00, 0x00000f80, 0x00000f80, 0x000007c0, 0x000007c0, 0x000003e0, 0x000003e0, 0x000001f0, 0x000001f0, 0x000000f8, 0x000000f8, 0x0000007c, 0x0000007c, 0x0000003c, 0x0000003c, 0x00000000, 0x00000000, 0x00000000, 0x00000000, 0x00000000, 0x00000000},
  // ']'
  {0x00000000, 0x00000000, 0x00000000, 0x00000000, 0x0fffff00, 0x0fffff00, 0x0fffff00, 0x0fffff00, 0x00000f00, 0x00000f00, 0x00000f00, 0x00000f00, 0x00000f00, 0x00000f00, 0x00000f00, 0x00000f00, 0x00000f00, 0x00000f00, 0x00000f00, 0x00000f00, 0x00000f00, 0x00000f00, 0x00000f00, 0x00000f00, 0x00000f00, 0x00000f00, 0x00000f00, 0x00000f00, 0x00000f00, 0x00000f00, 0x00000f00, 0x00000f00, 0x00000f00, 0x00000f00, 0x00000f00, 0x00000f00, 0x00000f00, 0x00000f00, 0x00000f00, 0x00000f00, 0x00000f00, 0x00000f00, 0x00000f00, 0x00000f00, 0x00000f00, 0x00000f00, 0x00000f00, 0x00000f00, 0x00000f00, 0x00000f00, 0x00000f00, 0x00000f00, 0x00000f00, 0x00000f00, 0x00000f00, 0x00000f00, 0x0fffff00, 0x0fffff00, 0x0fffff00, 0x0fffff00, 0x00000000, 0x00000000, 0x00000000, 0x00000000},
  // '^'
  {0x00000000, 0x00000000, 0x00000000, 0x00000000, 0x00000000, 0x00000000, 0x00000000, 0x00000000, 0x0003c000, 0x0007e000, 0x000ff000, 0x001ff800, 0x003ffc00, 0x007ffe00, 0x00fc3f00, 0x01f81f80, 0x03f00fc0, 0x07e007e0, 0x0fc003f0, 0x1f8001f8, 0x3f0000fc, 0x3e00007c, 0x3c00003c, 0x3800001c, 0x00000000, 0x00000000, 0x00000000, 0x00000000, 0x00000000, 0x00000000, 0x00000000, 0x00000000, 0x00000000, 0x00000000, 0x00000000, 0x00000000, 0x00000000, 0x00000000, 0x00000000, 0x00000000, 0x00000000, 0x00000000, 0x00000000, 0x00000000, 0x00000000, 0x00000000, 0x00000000, 0x00000000, 0x00000000, 0x00000000, 0x00000000, 0x00000000, 0x00000000, 0x00000000, 0x00000000, 0x00000000, 0x00000000, 0x00000000, 0x00000000, 0x00000000, 0x00000000, 0x00000000, 0x00000000, 0x00000000},
  // '_'
  {0x00000000, 0x00000000, 0x00000000, 0x00000000, 0x00000000, 0x00000000, 0x00000000, 0x00000000, 0x00000000, 0x00000000, 0x00000000, 0x00000000, 0x00000000, 0x00000000, 0x00000000, 0x00000000, 0x00000000, 0x00000000, 0x00000000, 0x00000000, 0x00000000, 0x00000000, 0x00000000, 0x00000000, 0x00000000, 0x00000000, 0x00000000, 0x00000000, 0x00000000, 0x00000000, 0x00000000, 0x00000000, 0x00000000, 0x00000000, 0x00000000, 0x00000000, 0x00000000, 0x00000000, 0x00000000, 0x00000000, 0x00000000, 0x00000000, 0x00000000, 0x00000000, 0x00000000, 0x00000000, 0x00000000, 0x00000000, 0x00000000, 0x00000000, 0x00000000, 0x00000000, 0x00000000, 0x00000000, 0x00000000, 0x00000000, 0x3ffffffc, 0x3ffffffc, 0x3ffffffc, 0x3ffffffc, 0x00000000, 0x00000000, 0x00000000, 0x00000000},
  // '`'
  {0x00000000, 0x00000000, 0x00000000, 0x00000000, 0x00000000, 0x00000000, 0x00000000, 0x00000000, 0x00380000, 0x003c0000, 0x003e0000, 0x003f0000, 0x001f8000, 0x000fc000, 0x0007e000, 0x0003f000, 0x0001f800, 0x0000fc00, 0x00007c00, 0x00003c00, 0x00000000, 0x00000000, 0x00000000, 0x00000000, 0x00000000, 0x00000000, 0x00000000, 0x00000000, 0x00000000, 0x00000000, 0x00000000, 0x00000000, 0x00000000, 0x00000000, 0x00000000, 0x00000000, 0x00000000, 0x00000000, 0x00000000, 0x00000000, 0x00000000, 0x00000000, 0x00000000, 0x00000000, 0x00000000, 0x00000000, 0x00000000, 0x00000000, 0x00000000, 0x00000000, 0x00000000, 0x00000000, 0x00000000, 0x00000000, 0x00000000, 0x00000000, 0x00000000, 0x00000000, 0x00000000, 0x00000000, 0x00000000, 0x00000000, 0x00000000, 0x00000000},
  // 'a'
  {0x00000000, 0x00000000, 0x00000000, 0x00000000, 0x00000000, 0x00000000, 0x00000000, 0x00000000, 0x00000000, 0x00000000, 0x00000000, 0x00000000, 0x00000000, 0x00000000, 0x00000000, 0x00000000, 0x00000000, 0x00000000, 0x00000000, 0x00000000, 0x00000000, 0x00000000, 0x00000000, 0x00000000, 0x03fffe00, 0x03ffff80, 0x03ffffc0, 0x03ffffe0, 0x000003e0, 0x000001f0, 0x000000f0, 0x000000f0, 0x000000f0, 0x000000f0, 0x007ffff0, 0x01fffff0, 0x03fffff0, 0x07fffff0, 0x07c000f0, 0x0f8000f0, 0x0f0000f0, 0x0f0000f0, 0x0f0000f0, 0x0f0000f0, 0x0f0000f0, 0x0f0000f0, 0x0f8000f0, 0x07c000f0, 0x07fffff0, 0x03fffff0, 0x01fffff0, 0x007ffff0, 0x00000000, 0x00000000, 0x00000000, 0x00000000, 0x00000000, 0x00000000, 0x00000000, 0x00000000, 0x00000000, 0x00000000, 0x00000000, 0x00000000},
  // 'b'
  {0x00000000, 0x00000000, 0x00000000, 0x00000000, 0x00000000, 0x00000000, 0x00000000, 0x00000000, 0x00000000, 0x00000000, 0x00000000, 0x00000000, 0x0f000000, 0x0f000000, 0x0f000000, 0x0f000000, 0x0f000000, 0x0f000000, 0x0f000000, 0x0f000000, 0x0f000000, 0x0f000000, 0x0f000000, 0x0f000000, 0x0ffffe00, 0x0fffff80, 0x0fffffc0, 0x0fffffe0, 0x0f0003e0, 0x0f0001f0, 0x0f0000f0, 0x0f0000f0, 0x0f0000f0, 0x0f0000f0, 0x0f0000f0, 0x0f0000f0, 0x0f0000f0, 0x0f0000f0, 0x0f0000f0, 0x0f0000f0, 0x0f0000f0, 0x0f0000f0, 0x0f0000f0, 0x0f0000f0, 0x0f0000f0, 0x0f0000f0, 0x0f0001f0, 0x0f0003e0, 0x0fffffe0, 0x0fffffc0, 0x0fffff80, 0x0ffffe00, 0x00000000, 0x00000000, 0x00000000, 0x00000000, 0x00000000, 0x00000000, 0x00000000, 0x00000000, 0x00000000, 0x00000000, 0x00000000, 0x00000000},
  // 'c'
  {0x00000000, 0x00000000, 0x00000000, 0x00000000, 0x00000000, 0x00000000, 0x00000000, 0x00000000, 0x00000000, 0x00000000, 0x00000000, 0x00000000, 0x00000000, 0x00000000, 0x00000000, 0x00000000, 0x00000000, 0x00000000, 0x00000000, 0x00000000, 0x00000000, 0x00000000, 0x00000000, 0x00000000, 0x007ffff0, 0x01fffff0, 0x03fffff0, 0x07fffff0, 0x07c00000, 0x0f800000, 0x0f000000, 0x0f000000, 0x0f000000, 0x0f000000, 0x0f000000, 0x0f000000, 0x0f000000, 0x0f000000, 0x0f000000, 0x0f000000, 0x0f000000, 0x0f000000, 0x0f000000, 0x0f000000, 0x0f000000, 0x0f000000, 0x0f800000, 0x07c00000, 0x07fffff0, 0x03fffff0, 0x01fffff0, 0x007ffff0, 0x00000000, 0x00000000, 0x00000000, 0x00000000, 0x00000000, 0x00000000, 0x00000000, 0x00000000, 0x00000000, 0x00000000, 0x00000000, 0x00000000},
  // 'd'
  {0x00000000, 0x00000000, 0x00000000, 0x00000000, 0x00000000, 0x00000000, 0x00000000, 0x00000000, 0x00000000, 0x00000000, 0x00000000, 0x00000000, 0x000000f0, 0x000000f0, 0x000000f0, 0x000000f0, 0x000000f0, 0x000000f0, 0x000000f0, 0x000000f0, 0x000000f0, 0x000000f0, 0x000000f0, 0x000000f0, 0x007ffff0, 0x01fffff0, 0x03fffff0, 0x07fffff0, 0x07c000f0, 0x0f8000f0, 0x0f0000f0, 0x0f0000f0, 0x0f0000f0, 0x0f0000f0, 0x0f0000f0, 0x0f0000f0, 0x0f0000f0, 0x0f0000f0, 0x0f0000f0, 0x0f0000f0, 0x0f0000f0, 0x0f0000f0, 0x0f0000f0, 0x0f0000f0, 0x0f0000f0, 0x0f0000f0, 0x0f8000f0, 0x07c000f0, 0x07fffff0, 0x03fffff0, 0x01fffff0, 0x007ffff0, 0x00000000, 0x00000000, 0x00000000, 0x00000000, 0x00000000, 0x00000000, 0x00000000, 0x00000000, 0x00000000, 0x00000000, 0x00000000, 0x00000000},
  // 'e'
  {0x00000000, 0x00000000, 0x00000000, 0x00000000, 0x00000000, 0x00000000, 0x00000000, 0x00000000, 0x00000000, 0x00000000, 0x00000000, 0x00000000, 0x00000000, 0x00000000, 0x00000000, 0x00000000, 0x00000000, 0x00000000, 0x00000000, 0x00000000, 0x00000000, 0x00000000, 0x00000000, 0x00000000, 0x007ffff0, 0x01fffff0, 0x03fffff0, 0x07fffff0, 0x07c000f0, 0x0f8000f0, 0x0f0000f0, 0x0f0000f0, 0x0f0000f0, 0x0f0000f0, 0x0f0000f0, 0x0f0000f0, 0x0ffffff0, 0x0ffffff0, 0x0ffffff0, 0x0ffffff0, 0x0f000000, 0x0f000000, 0x0f000000, 0x0f000000, 0x0f000000, 0x0f000000, 0x0f800000, 0x07c00000, 0x07fffff0, 0x03fffff0, 0x01fffff0, 0x007ffff0, 0x00000000, 0x00000000, 0x00000000, 0x00000000, 0x00000000, 0x00000000, 0x00000000, 0x00000000, 0x00000000, 0x00000000, 0x00000000, 0x00000000},
  // 'f'
  {0x00000000, 0x00000000, 0x00000000, 0x00000000, 0x00000000, 0x00000000, 0x00000000, 0x00000000, 0x00000000, 0x00000000, 0x00000000, 0x00000000, 0x0001ffc0, 0x0007ffc0, 0x000fffc0, 0x001fffc0, 0x001f0000, 0x003e0000, 0x003c0000, 0x003c0000, 0x003c0000, 0x003c0000, 0x003c0000, 0x003c0000, 0x003c0000, 0x003c0000, 0x003c0000, 0x003c0000, 0x03fffc00, 0x03fffc00, 0x03fffc00, 0x03fffc00, 0x003c0000, 0x003c0000, 0x003c0000, 0x003c0000, 0x003c0000, 0x003c0000, 0x003c0000, 0x003c0000, 0x003c0000, 0x003c0000, 0x003c0000, 0x003c0000, 0x003c0000, 0x003c0000, 0x003c0000, 0x003c0000, 0x003c0000, 0x003c0000, 0x003c0000, 0x003c0000, 0x00000000, 0x00000000, 0x00000000, 0x00000000, 0x00000000, 0x00000000, 0x00000000, 0x00000000, 0x00000000, 0x00000000, 0x00000000, 0x00000000},
  // 'g'
  {0x00000000, 0x00000000, 0x00000000, 0x00000000, 0x00000000, 0x00000000, 0x00000000, 0x00000000, 0x00000000, 0x00000000, 0x00000000, 0x00000000, 0x00000000, 0x00000000, 0x00000000, 0x00000000, 0x00000000, 0x00000000, 0x00000000, 0x00000000, 0x00000000, 0x00000000, 0x00000000, 0x00000000, 0x007ffff0, 0x01fffff0, 0x03fffff0, 0x07fffff0, 0x07c000f0, 0x0f8000f0, 0x0f0000f0, 0x0f0000f0, 0x0f0000f0, 0x0f0000f0, 0x0f0000f0, 0x0f0000f0, 0x0f0000f0, 0x0f0000f0, 0x0f0000f0, 0x0f0000f0, 0x0f0000f0, 0x0f0000f0, 0x0f0000f0, 0x0f0000f0, 0x0f0000f0, 0x0f0000f0, 0x0f8001f0, 0x07c003e0, 0x07ffffc0, 0x03ffff80, 0x01ffff80, 0x007fffc0, 0x000003e0, 0x000001e0, 0x000000f0, 0x000000f0, 0x000000f0, 0x000000f0, 0x000001f0, 0x000003e0, 0x0fffffe0, 0x0fffffc0, 0x0fffff80, 0x0ffffe00},
  // 'h'
  {0x00000000, 0x00000000, 0x00000000, 0x00000000, 0x00000000, 0x00000000, 0x00000000, 0x00000000, 0x00000000, 0x00000000, 0x00000000, 0x00000000, 0x0f000000, 0x0f000000, 0x0f000000, 0x0f000000, 0x0f000000, 0x0f000000, 0x0f000000, 0x0f000000, 0x0f000000, 0x0f000000, 0x0f000000, 0x0f000000, 0x0ffffe00, 0x0fffff80, 0x0fffffc0, 0x0fffffe0, 0x0f0003e0, 0x0f0001f0, 0x0f0000f0, 0x0f0000f0, 0x0f0000f0, 0x0f0000f0, 0x0f0000f0, 0x0f0000f0, 0x0f0000f0, 0x0f0000f0, 0x0f0000f0, 0x0f0000f0, 0x0f0000f0, 0x0f0000f0, 0x0f0000f0, 0x0f0000f0, 0x0f0000f0, 0x0f0000f0, 0x0f0000f0, 0x0f0000f0, 0x0f0000f0, 0x0f0000f0, 0x0f0000f0, 0x0f0000f0, 0x00000000, 0x00000000, 0x00000000, 0x00000000, 0x00000000, 0x00000000, 0x00000000, 0x00000000, 0x00000000, 0x00000000, 0x00000000, 0x00000000},
  // 'i'
  {0x00000000, 0x00000000, 0x00000000, 0x00000000, 0x00000000, 0x00000000, 0x00000000, 0x00000000, 0x00000000, 0x00000000, 0x00000000, 0x00000000, 0x0003c000, 0x0003c000, 0x0003c000, 0x0003c000, 0x0003c000, 0x0003c000, 0x00000000, 0x00000000, 0x00000000, 0x00000000, 0x00000000, 0x00000000, 0x003fc000, 0x003fc000, 0x003fc000, 0x003fc000, 0x0003c000, 0x0003c000, 0x0003c000, 0x0003c000, 0x0003c000, 0x0003c000, 0x0003c000, 0x0003c000, 0x0003c000, 0x0003c000, 0x0003c000, 0x0003c000, 0x0003c000, 0x0003c000, 0x0003c000, 0x0003c000, 0x0003c000, 0x0003c000, 0x0003c000, 0x0003c000, 0x0003fc00, 0x0003fc00, 0x0003fc00, 0x0003fc00, 0x00000000, 0x00000000, 0x00000000, 0x00000000, 0x00000000, 0x00000000, 0x00000000, 0x00000000, 0x00000000, 0x00000000, 0x00000000, 0x00000000},
  // 'j'
  {0x00000000, 0x00000000, 0x00000000, 0x00000000, 0x00000000, 0x00000000, 0x00000000, 0x00000000, 0x00000000, 0x00000000, 0x00000000, 0x00000000, 0x0003c000, 0x0003c000, 0x0003c000, 0x0003c000, 0x0003c000, 0x0003c000, 0x00000000, 0x00000000, 0x00000000, 0x00000000, 0x00000000, 0x00000000, 0x0003c000, 0x0003c000, 0x0003c000, 0x0003c000, 0x0003c000, 0x0003c000, 0x0003c000, 0x0003c000, 0x0003c000, 0x0003c000, 0x0003c000, 0x0003c000, 0x0003c000, 0x0003c000, 0x0003c000, 0x0003c000, 0x0003c000, 0x0003c000, 0x0003c000, 0x0003c000, 0x0003c000, 0x0003c000, 0x0003c000, 0x0003c000, 0x0003c000, 0x0003c000, 0x0003c000, 0x0003c000, 0x0003c000, 0x0003c000, 0x0003c000, 0x0003c000, 0x0003c000, 0x0003c000, 0x0007c000, 0x000f8000, 0x03ff8000, 0x03ff0000, 0x03fe0000, 0x03f80000},
  // 'k'
  {0x00000000, 0x00000000, 0x00000000, 0x00000000, 0x00000000, 0x00000000, 0x00000000, 0x00000000, 0x00000000, 0x00000000, 0x00000000, 0x00000000, 0x03c00000, 0x03c00000, 0x03c00000, 0x03c00000, 0x03c00000, 0x03c00000, 0x03c00000, 0x03c00000, 0x03c00000, 0x03c00000, 0x03c00000, 0x03c00000, 0x03c00700, 0x03c00f00, 0x03c01f00, 0x03c03e00, 0x03c07c00, 0x03c0f800, 0x03c1f000, 0x03c3e000, 0x03c7c000, 0x03cf8000, 0x03ff0000, 0x03ff0000, 0x03ff0000, 0x03ff0000, 0x03cf8000, 0x03c7c000, 0x03c3e000, 0x03c1f000, 0x03c0f800, 0x03c07c00, 0x03c03e00, 0x03c01f00, 0x03c00f80, 0x03c007c0, 0x03c003e0, 0x03c001f0, 0x03c000f0, 0x03c00070, 0x00000000, 0x00000000, 0x00000000, 0x00000000, 0x00000000, 0x00000000, 0x00000000, 0x00000000, 0x00000000, 0x00000000, 0x00000000, 0x00000000},
  // 'l'
  {0x00000000, 0x00000000, 0x00000000, 0x00000000, 0x00000000, 0x00000000, 0x00000000, 0x00000000, 0x00000000, 0x00000000, 0x00000000, 0x00000000, 0x003c0000, 0x003c0000, 0x003c0000, 0x003c0000, 0x003c0000, 0x003c0000, 0x003c0000, 0x003c0000, 0x003c0000, 0x003c0000, 0x003c0000, 0x003c0000, 0x003c0000, 0x003c0000, 0x003c0000, 0x003c0000, 0x003c0000, 0x003c0000, 0x003c0000, 0x003c0000, 0x003c0000, 0x003c0000, 0x003c0000, 0x003c0000, 0x003c0000, 0x003c0000, 0x003c0000, 0x003c0000, 0x003c0000, 0x003c0000, 0x003c0000, 0x003c0000, 0x003c0000, 0x003c0000, 0x003e0000, 0x001f0000, 0x001fffc0, 0x000fffc0, 0x0007ffc0, 0x0001ffc0, 0x00000000, 0x00000000, 0x00000000, 0x00000000, 0x00000000, 0x00000000, 0x00000000, 0x00000000, 0x00000000, 0x00000000, 0x00000000, 0x00000000},
  // 'm'
  {0x00000000, 0x00000000, 0x00000000, 0x00000000, 0x00000000, 0x00000000, 0x00000000, 0x00000000, 0x00000000, 0x00000000, 0x00000000, 0x00000000, 0x00000000, 0x00000000, 0x00000000, 0x00000000, 0x00000000, 0x00000000, 0x00000000, 0x00000000, 0x00000000, 0x00000000, 0x00000000, 0x00000000, 0x0ffc3e00, 0x0ffc3f80, 0x0ffc3fc0, 0x0ffc3fe0, 0x0f03c3e0, 0x0f03c1f0, 0x0f03c0f0, 0x0f03c0f0, 0x0f03c0f0, 0x0f03c0f0, 0x0f03c0f0, 0x0f03c0f0, 0x0f03c0f0, 0x0f03c0f0, 0x0f03c0f0, 0x0f03c0f0, 0x0f03c0f0, 0x0f03c0f0, 0x0f03c0f0, 0x0f03c0f0, 0x0f0000f0, 0x0f0000f0, 0x0f0000f0, 0x0f0000f0, 0x0f0000f0, 0x0f0000f0, 0x0f0000f0, 0x0f0000f0, 0x00000000, 0x00000000, 0x00000000, 0x00000000, 0x00000000, 0x00000000, 0x00000000, 0x00000000, 0x00000000, 0x00000000, 0x00000000, 0x00000000},
  // 'n'
  {0x00000000, 0x00000000, 0x00000000, 0x00000000, 0x00000000, 0x00000000, 0x00000000, 0x00000000, 0x00000000, 0x00000000, 0x00000000, 0x00000000, 0x00000000, 0x00000000, 0x00000000, 0x00000000, 0x00000000, 0x00000000, 0x00000000, 0x00000000, 0x00000000, 0x00000000, 0x00000000, 0x00000000, 0x0ffffe00, 0x0fffff80, 0x0fffffc0, 0x0fffffe0, 0x0f0003e0, 0x0f0001f0, 0x0f0000f0, 0x0f0000f0, 0x0f0000f0, 0x0f0000f0, 0x0f0000f0, 0x0f0000f0, 0x0f0000f0, 0x0f0000f0, 0x0f0000f0, 0x0f0000f0, 0x0f0000f0, 0x0f0000f0, 0x0f0000f0, 0x0f0000f0, 0x0f0000f0, 0x0f0000f0, 0x0f0000f0, 0x0f0000f0, 0x0f0000f0, 0x0f0000f0, 0x0f0000f0, 0x0f0000f0, 0x00000000, 0x00000000, 0x00000000, 0x00000000, 0x00000000, 0x00000000, 0x00000000, 0x00000000, 0x00000000, 0x00000000, 0x00000000, 0x00000000},
  // 'o'
  {0x00000000, 0x00000000, 0x00000000, 0x00000000, 0x00000000, 0x00000000, 0x00000000, 0x00000000, 0x00000000, 0x00000000, 0x00000000, 0x00000000, 0x00000000, 0x00000000, 0x00000000, 0x00000000, 0x00000000, 0x00000000, 0x00000000, 0x00000000, 0x00000000, 0x00000000, 0x00000000, 0x00000000, 0x007ffe00, 0x01ffff80, 0x03ffffc0, 0x07ffffe0, 0x07c003e0, 0x0f8001f0, 0x0f0000f0, 0x0f0000f0, 0x0f0000f0, 0x0f0000f0, 0x0f0000f0, 0x0f0000f0, 0x0f0000f0, 0x0f0000f0, 0x0f0000f0, 0x0f0000f0, 0x0f0000f0, 0x0f0000f0, 0x0f0000f0, 0x0f0000f0, 0x0f0000f0, 0x0f0000f0, 0x0f8001f0, 0x07c003e0, 0x07ffffe0, 0x03ffffc0, 0x01ffff80, 0x007ffe00, 0x00000000, 0x00000000, 0x00000000, 0x00000000, 0x00000000, 0x00000000, 0x00000000, 0x00000000, 0x00000000, 0x00000000, 0x00000000, 0x00000000},
  // 'p'
  {0x00000000, 0x00000000, 0x00000000, 0x00000000, 0x00000000, 0x00000000, 0x00000000, 0x00000000, 0x00000000, 0x00000000, 0x00000000, 0x00000000, 0x00000000, 0x00000000, 0x00000000, 0x00000000, 0x00000000, 0x00000000, 0x00000000, 0x00000000, 0x00000000, 0x00000000, 0x00000000, 0x00000000, 0x0ffffe00, 0x0fffff80, 0x0fffffc0, 0x0fffffe0, 0x0f0003e0, 0x0f0001f0, 0x0f0000f0, 0x0f0000f0, 0x0f0000f0, 0x0f0000f0, 0x0f0000f0, 0x0f0000f0, 0x0f0000f0, 0x0f0000f0, 0x0f0000f0, 0x0f0000f0, 0x0f0000f0, 0x0f0000f0, 0x0f0000f0, 0x0f0000f0, 0x0f0000f0, 0x0f0000f0, 0x0f0001f0, 0x0f0003e0, 0x0fffffe0, 0x0fffffc0, 0x0fffff80, 0x0ffffe00, 0x0f000000, 0x0f000000, 0x0f000000, 0x0f000000, 0x0f000000, 0x0f000000, 0x0f000000, 0x0f000000, 0x0f000000, 0x0f000000, 0x0f000000, 0x0f000000},
  // 'q'
  {0x00000000, 0x00000000, 0x00000000, 0x00000000, 0x00000000, 0x00000000, 0x00000000, 0x00000000, 0x00000000, 0x00000000, 0x00000000, 0x00000000, 0x00000000, 0x00000000, 0x00000000, 0x00000000, 0x00000000, 0x00000000, 0x00000000, 0x00000000, 0x00000000, 0x00000000, 0x00000000, 0x00000000, 0x007ffff0, 0x01fffff0, 0x03fffff0, 0x07fffff0, 0x07c000f0, 0x0f8000f0, 0x0f0000f0, 0x0f0000f0, 0x0f0000f0, 0x0f0000f0, 0x0f0000f0, 0x0f0000f0, 0x0f0000f0, 0x0f0000f0, 0x0f0000f0, 0x0f0000f0, 0x0f0000f0, 0x0f0000f0, 0x0f0000f0, 0x0f0000f0, 0x0f0000f0, 0x0f0000f0, 0x0f8000f0, 0x07c000f0, 0x07fffff0, 0x03fffff0, 0x01fffff0, 0x007ffff0, 0x000000f0, 0x000000f0, 0x000000f0, 0x000000f0, 0x000000f0, 0x000000f0, 0x000000f0, 0x000000f0, 0x000000f0, 0x000000f0, 0x000000f0, 0x000000f0},
  // 'r'
  {0x00000000, 0x00000000, 0x00000000, 0x00000000, 0x00000000, 0x00000000, 0x00000000, 0x00000000, 0x00000000, 0x00000000, 0x00000000, 0x00000000, 0x00000000, 0x00000000, 0x00000000, 0x00000000, 0x00000000, 0x00000000, 0x00000000, 0x00000000, 0x00000000, 0x00000000, 0x00000000, 0x00000000, 0x007ffff0, 0x01fffff0, 0x03fffff0, 0x07fffff0, 0x07c000f0, 0x0f8000f0, 0x0f0000f0, 0x0f0000f0, 0x0f000000, 0x0f000000, 0x0f000000, 0x0f000000, 0x0f000000, 0x0f000000, 0x0f000000, 0x0f000000, 0x0f000000, 0x0f000000, 0x0f000000, 0x0f000000, 0x0f000000, 0x0f000000, 0x0f000000, 0x0f000000, 0x0f000000, 0x0f000000, 0x0f000000, 0x0f000000, 0x00000000, 0x00000000, 0x00000000, 0x00000000, 0x00000000, 0x00000000, 0x00000000, 0x00000000, 0x00000000, 0x00000000, 0x00000000, 0x00000000},
  // 's'
  {0x00000000, 0x00000000, 0x00000000, 0x00000000, 0x00000000, 0x00000000, 0x00000000, 0x00000000, 0x00000000, 0x00000000, 0x00000000, 0x00000000, 0x00000000, 0x00000000, 0x00000000, 0x00000000, 0x00000000, 0x00000000, 0x00000000, 0x00000000, 0x00000000, 0x00000000, 0x00000000, 0x00000000, 0x007ffff0, 0x01fffff0, 0x03fffff0, 0x07fffff0, 0x07c00000, 0x0f800000, 0x0f000000, 0x0f000000, 0x0f000000, 0x0f000000, 0x0f800000, 0x07c00000, 0x07fffe00, 0x03ffff80, 0x01ffffc0, 0x007fffe0, 0x000003e0, 0x000001f0, 0x000000f0, 0x000000f0, 0x000000f0, 0x000000f0, 0x000001f0, 0x000003e0, 0x0fffffe0, 0x0fffffc0, 0x0fffff80, 0x0ffffe00, 0x00000000, 0x00000000, 0x00000000, 0x00000000, 0x00000000, 0x00000000, 0x00000000, 0x00000000, 0x00000000, 0x00000000, 0x00000000, 0x00000000},
  // 't'
  {0x00000000, 0x00000000, 0x00000000, 0x00000000, 0x00000000, 0x00000000, 0x00000000, 0x00000000, 0x00000000, 0x00000000, 0x00000000, 0x00000000, 0x003c0000, 0x003c0000, 0x003c0000, 0x003c0000, 0x003c0000, 0x003c0000, 0x003c0000, 0x003c0000, 0x003c0000, 0x003c0000, 0x003c0000, 0x003c0000, 0x03fffc00, 0x03fffc00, 0x03fffc00, 0x03fffc00, 0x003c0000, 0x003c0000, 0x003c0000, 0x003c0000, 0x003c0000, 0x003c0000, 0x003c0000, 0x003c0000, 0x003c0000, 0x003c0000, 0x003c0000, 0x003c0000, 0x003c0000, 0x003c0000, 0x003c0000, 0x003c0000, 0x003c0000, 0x003c0000, 0x003e0000, 0x001f0000, 0x001fffc0, 0x000fffc0, 0x0007ffc0, 0x0001ffc0, 0x00000000, 0x00000000, 0x00000000, 0x00000000, 0x00000000, 0x00000000, 0x00000000, 0x00000000, 0x00000000, 0x00000000, 0x00000000, 0x00000000},
  // 'u'
  {0x00000000, 0x00000000, 0x00000000, 0x00000000, 0x00000000, 0x00000000, 0x00000000, 0x00000000, 0x00000000, 0x00000000, 0x00000000, 0x00000000, 0x00000000, 0x00000000, 0x00000000, 0x00000000, 0x00000000, 0x00000000, 0x00000000, 0x00000000, 0x00000000, 0x00000000, 0x00000000, 0x00000000, 0x0f0000f0, 0x0f0000f0, 0x0f0000f0, 0x0f0000f0, 0x0f0000f0, 0x0f0000f0, 0x0f0000f0, 0x0f0000f0, 0x0f0000f0, 0x0f0000f0, 0x0f0000f0, 0x0f0000f0, 0x0f0000f0, 0x0f0000f0, 0x0f0000f0, 0x0f0000f0, 0x0f0000f0, 0x0f0000f0, 0x0f0000f0, 0x0f0000f0, 0x0f0000f0, 0x0f0000f0, 0x0f8000f0, 0x07c000f0, 0x07fffff0, 0x03fffff0, 0x01fffff0, 0x007ffff0, 0x00000000, 0x00000000, 0x00000000, 0x00000000, 0x00000000, 0x00000000, 0x00000000, 0x00000000, 0x00000000, 0x00000000, 0x00000000, 0x00000000},
  // 'v'
  {0x00000000, 0x00000000, 0x00000000, 0x00000000, 0x00000000, 0x00000000, 0x00000000, 0x00000000, 0x00000000, 0x00000000, 0x00000000, 0x00000000, 0x00000000, 0x00000000, 0x00000000, 0x00000000, 0x00000000, 0x00000000, 0x00000000, 0x00000000, 0x00000000, 0x00000000, 0x00000000, 0x00000000, 0x0f0000f0, 0x0f0000f0, 0x0f0000f0, 0x0f0000f0, 0x0f0000f0, 0x0f0000f0, 0x0f0000f0, 0x0f0000f0, 0x0f0000f0, 0x0f0000f0, 0x0f0000f0, 0x0f0000f0, 0x0f0000f0, 0x0f0000f0, 0x0f0000f0, 0x0f0000f0, 0x0f0000f0, 0x0f8001f0, 0x07c003e0, 0x03e007c0, 0x01f00f80, 0x00f81f00, 0x007c3e00, 0x003e7c00, 0x001ff800, 0x000ff000, 0x0007e000, 0x0003c000, 0x00000000, 0x00000000, 0x00000000, 0x00000000, 0x00000000, 0x00000000, 0x00000000, 0x00000000, 0x00000000, 0x00000000, 0x00000000, 0x00000000},
  // 'w'
  {0x00000000, 0x00000000, 0x00000000, 0x00000000, 0x00000000, 0x00000000, 0x00000000, 0x00000000, 0x00000000, 0x00000000, 0x00000000, 0x00000000, 0x00000000, 0x00000000, 0x00000000, 0x00000000, 0x00000000, 0x00000000, 0x00000000, 0x00000000, 0x00000000, 0x00000000, 0x00000000, 0x00000000, 0x0f0000f0, 0x0f0000f0, 0x0f0000f0, 0x0f0000f0, 0x0f0000f0, 0x0f0000f0, 0x0f0000f0, 0x0f0000f0, 0x0f03c0f0, 0x0f03c0f0, 0x0f03c0f0, 0x0f03c0f0, 0x0f03c0f0, 0x0f03c0f0, 0x0f03c0f0, 0x0f03c0f0, 0x0f03c0f0, 0x0f03c0f0, 0x0f03c0f0, 0x0f03c0f0, 0x0f03c0f0, 0x0f03c0f0, 0x0f83c0f0, 0x07c3c0f0, 0x07fc3ff0, 0x03fc3ff0, 0x01fc3ff0, 0x007c3ff0, 0x00000000, 0x00000000, 0x00000000, 0x00000000, 0x00000000, 0x00000000, 0x00000000, 0x00000000, 0x00000000, 0x00000000, 0x00000000, 0x00000000},
  // 'x'
  {0x00000000, 0x00000000, 0x00000000, 0x00000000, 0x00000000, 0x00000000, 0x00000000, 0x00000000, 0x00000000, 0x00000000, 0x00000000, 0x00000000, 0x00000000, 0x00000000, 0x00000000, 0x00000000, 0x00000000, 0x00000000, 0x00000000, 0x00000000, 0x00000000, 0x00000000, 0x00000000, 0x00000000, 0x0f0000f0, 0x0f0000f0, 0x0f0000f0, 0x0f8001f0, 0x07c003e0, 0x03e007c0, 0x01f00f80, 0x00f81f00, 0x007c3e00, 0x003e7c00, 0x001ff800, 0x000ff000, 0x000ff000, 0x001ff800, 0x003e7c00, 0x007c3e00, 0x00f81f00, 0x01f00f80, 0x03e007c0, 0x03c003c0, 0x07c003e0, 0x07c003e0, 0x0f8001f0, 0x0f8001f0, 0x0f0000f0, 0x0f0000f0, 0x0f0000f0, 0x0f0000f0, 0x00000000, 0x00000000, 0x00000000, 0x00000000, 0x00000000, 0x00000000, 0x00000000, 0x00000000, 0x00000000, 0x00000000, 0x00000000, 0x00000000},
  // 'y'
  {0x00000000, 0x00000000, 0x00000000, 0x00000000, 0x00000000, 0x00000000, 0x00000000, 0x00000000, 0x00000000, 0x00000000, 0x00000000, 0x00000000, 0x00000000, 0x00000000, 0x00000000, 0x00000000, 0x00000000, 0x00000000, 0x00000000, 0x00000000, 0x00000000, 0x00000000, 0x00000000, 0x00000000, 0x0f0000f0, 0x0f0000f0, 0x0f0000f0, 0x0f0000f0, 0x0f0000f0, 0x0f0000f0, 0x0f0000f0, 0x0f0000f0, 0x0f0000f0, 0x0f0000f0, 0x0f0000f0, 0x0f0000f0, 0x0f0000f0, 0x0f0000f0, 0x0f0000f0, 0x0f0000f0, 0x0f0000f0, 0x0f0000f0, 0x0f0000f0, 0x0f0000f0, 0x0f0000f0, 0x0f0000f0, 0x0f8000f0, 0x07c000f0, 0x07fffff0, 0x03fffff0, 0x01fffff0, 0x007ffff0, 0x000000f0, 0x000000f0, 0x000000f0, 0x000000f0, 0x000000f0, 0x000000f0, 0x000001f0, 0x000003e0, 0x0fffffe0, 0x0fffffc0, 0x0fffff80, 0x0ffffe00},
  // 'z'
  {0x00000000, 0x00000000, 0x00000000, 0x00000000, 0x00000000, 0x00000000, 0x00000000, 0x00000000, 0x00000000, 0x00000000, 0x00000000, 0x00000000, 0x00000000, 0x00000000, 0x00000000, 0x00000000, 0x00000000, 0x00000000, 0x00000000, 0x00000000, 0x00000000, 0x00000000, 0x00000000, 0x00000000, 0x0ffffff0, 0x0ffffff0, 0x0ffffff0, 0x0ffffff0, 0x000000f0, 0x000001f0, 0x000003e0, 0x000007c0, 0x00000f80, 0x00001f00, 0x00003e00, 0x00007c00, 0x0000f800, 0x0001f000, 0x0003e000, 0x0007c000, 0x000f8000, 0x001f0000, 0x003e0000, 0x007c0000, 0x00f80000, 0x01f00000, 0x03e00000, 0x07c00000, 0x0ffffff0, 0x0ffffff0, 0x0ffffff0, 0x0ffffff0, 0x00000000, 0x00000000, 0x00000000, 0x00000000, 0x00000000, 0x00000000, 0x00000000, 0x00000000, 0x00000000, 0x00000000, 0x00000000, 0x00000000},
  // '{'
  {0x00000000, 0x00000000, 0x00000000, 0x00000000, 0x00007ff0, 0x0001fff0, 0x0003fff0, 0x0007fff0, 0x0007c000, 0x000f8000, 0x000f0000, 0x000f0000, 0x000f0000, 0x000f0000, 0x000f0000, 0x000f0000, 0x000f0000, 0x000f0000, 0x000f0000, 0x000f0000, 0x000f0000, 0x000f0000, 0x000f0000, 0x000f0000, 0x000f0000, 0x001f0000, 0x003f0000, 0x007e0000, 0x0ffc0000, 0x0ff80000, 0x0ff00000, 0x0ff00000, 0x0ff00000, 0x0ff00000, 0x0ff80000, 0x0ffc0000, 0x007e0000, 0x003f0000, 0x001f0000, 0x000f0000, 0x000f0000, 0x000f0000, 0x000f0000, 0x000f0000, 0x000f0000, 0x000f0000, 0x000f0000, 0x000f0000, 0x000f0000, 0x000f0000, 0x000f0000, 0x000f0000, 0x000f0000, 0x000f0000, 0x000f8000, 0x0007c000, 0x0007fff0, 0x0003fff0, 0x0001fff0, 0x00007ff0, 0x00000000, 0x00000000, 0x00000000, 0x00000000},
  // '|'
  {0x00000000, 0x00000000, 0x00000000, 0x00000000, 0x00000000, 0x00000000, 0x00000000, 0x00000000, 0x0003c000, 0x0003c000, 0x0003c000, 0x0003c000, 0x0003c000, 0x0003c000, 0x0003c000, 0x0003c000, 0x0003c000, 0x0003c000, 0x0003c000, 0x0003c000, 0x0003c000, 0x0003c000, 0x0003c000, 0x0003c000, 0x0003c000, 0x0003c000, 0x0003c000, 0x0003c000, 0x0003c000, 0x0003c000, 0x0003c000, 0x0003c000, 0x0003c000, 0x0003c000, 0x0003c000, 0x0003c000, 0x0003c000, 0x0003c000, 0x0003c000, 0x0003c000, 0x0003c000, 0x0003c000, 0x0003c000, 0x0003c000, 0x0003c000, 0x0003c000, 0x0003c000, 0x0003c000, 0x0003c000, 0x0003c000, 0x0003c000, 0x0003c000, 0x0003c000, 0x0003c000, 0x0003c000, 0x0003c000, 0x00000000, 0x00000000, 0x00000000, 0x00000000, 0x00000000, 0x00000000, 0x00000000, 0x00000000},
  // '}'
  {0x00000000, 0x00000000, 0x00000000, 0x00000000, 0x0ffe0000, 0x0fff8000, 0x0fffc000, 0x0fffe000, 0x0003e000, 0x0001f000, 0x0000f000, 0x0000f000, 0x0000f000, 0x0000f000, 0x0000f000, 0x0000f000, 0x0000f000, 0x0000f000, 0x0000f000, 0x0000f000, 0x0000f000, 0x0000f000, 0x0000f000, 0x0000f000, 0x0000f000, 0x0000f800, 0x0000fc00, 0x00007e00, 0x00003ff0, 0x00001ff0, 0x00000ff0, 0x00000ff0, 0x00000ff0, 0x00000ff0, 0x00001ff0, 0x00003ff0, 0x00007e00, 0x0000fc00, 0x0000f800, 0x0000f000, 0x0000f000, 0x0000f000, 0x0000f000, 0x0000f000, 0x0000f000, 0x0000f000, 0x0000f000, 0x0000f000, 0x0000f000, 0x0000f000, 0x0000f000, 0x0000f000, 0x0000f000, 0x0000f000, 0x0001f000, 0x0003e000, 0x0fffe000, 0x0fffc000, 0x0fff8000, 0x0ffe0000, 0x00000000, 0x00000000, 0x00000000, 0x00000000},
  // '~'
  {0x00000000, 0x00000000, 0x00000000, 0x00000000, 0x00000000, 0x00000000, 0x00000000, 0x00000000, 0x00000000, 0x00000000, 0x00000000, 0x00000000, 0x00000000, 0x00000000, 0x00000000, 0x00000000, 0x00000000, 0x00000000, 0x00000000, 0x00000000, 0x00000000, 0x00000000, 0x00000000, 0x00000000, 0x00000000, 0x00000000, 0x00000000, 0x00000000, 0x007800f0, 0x01fe00f0, 0x03ff00f0, 0x07ff80f0, 0x0fcfc1f0, 0x0f87e3f0, 0x0f03ffe0, 0x0f01ffc0, 0x0f00ff80, 0x0f003e00, 0x00000000, 0x00000000, 0x00000000, 0x00000000, 0x00000000, 0x00000000, 0x00000000, 0x00000000, 0x00000000, 0x00000000, 0x00000000, 0x00000000, 0x00000000, 0x00000000, 0x00000000, 0x00000000, 0x00000000, 0x00000000, 0x00000000, 0x00000000, 0x00000000, 0x00000000, 0x00000000, 0x00000000, 0x00000000, 0x00000000},
  // 0x7f
  {0x00000000, 0x00000000, 0x00000000, 0x00000000, 0x00000000, 0x00000000, 0x00000000, 0x00000000, 0x00000000, 0x00000000, 0x00000000, 0x00000000, 0x00000000, 0x00000000, 0x00000000, 0x00000000, 0x00000000, 0x00000000, 0x00000000, 0x00000000, 0x00000000, 0x00000000, 0x00000000, 0x00000000, 0x00000000, 0x00000000, 0x00000000, 0x00000000, 0x00000000, 0x00000000, 0x00000000, 0x00000000, 0x00000000, 0x00000000, 0x00000000, 0x00000000, 0x00000000, 0x00000000, 0x00000000, 0x00000000, 0x00000000, 0x00000000, 0x00000000, 0x00000000, 0x00000000, 0x00000000, 0x00000000, 0x00000000, 0x00000000, 0x00000000, 0x00000000, 0x00000000, 0x00000000, 0x00000000, 0x00000000, 0x00000000, 0x00000000, 0x00000000, 0x00000000, 0x00000000, 0x00000000, 0x00000000, 0x00000000, 0x00000000},
};
